lr23,lr_sent,lr23_sent,naive,split,benchmark
0.9555555555555556,0.5333333333333334,0.9111111111111111,0.6666666666666667,0,UMCSENT
1.0,0.8222222222222222,1.0,0.8444444444444446,1,UMCSENT
0.8666666666666667,0.288888888888889,0.8666666666666667,0.7777777777777779,2,UMCSENT
0.8888888888888888,0.6222222222222222,0.8888888888888888,0.8444444444444446,3,UMCSENT
0.8666666666666667,0.5444444444444445,0.8666666666666667,0.7777777777777778,4,UMCSENT
0.9333333333333333,0.5333333333333333,0.9333333333333333,0.8666666666666667,5,UMCSENT
0.9555555555555556,0.3777777777777778,0.9555555555555556,0.8444444444444446,6,UMCSENT
0.7111111111111111,0.6666666666666666,0.7111111111111111,0.888888888888889,7,UMCSENT
0.7111111111111111,0.7555555555555555,0.8,1.0,8,UMCSENT
0.9111111111111111,0.7777777777777778,0.888888888888889,0.9111111111111111,9,UMCSENT
0.8888888888888888,0.8222222222222222,0.8888888888888888,0.6444444444444445,10,UMCSENT
0.9777777777777777,0.7888888888888889,0.9777777777777777,0.8666666666666667,11,UMCSENT
0.8666666666666667,0.5555555555555556,0.8,0.4666666666666667,12,UMCSENT
1.0,0.7555555555555556,0.9555555555555556,0.9111111111111111,13,UMCSENT
0.8222222222222222,0.6444444444444445,0.8222222222222222,0.9333333333333333,14,UMCSENT
0.7777777777777777,0.6222222222222222,0.7777777777777777,0.6666666666666666,15,UMCSENT
0.8888888888888888,0.6333333333333334,0.8888888888888888,0.8888888888888888,16,UMCSENT
0.5555555555555556,0.5222222222222223,0.5555555555555556,0.7111111111111112,17,UMCSENT
0.7111111111111111,0.34444444444444444,0.7111111111111111,0.7777777777777778,18,UMCSENT
1.0,0.6111111111111112,0.9777777777777777,0.7777777777777778,19,UMCSENT
0.8666666666666667,0.7111111111111111,0.8222222222222223,0.9111111111111111,20,UMCSENT
0.6444444444444444,0.8,0.6444444444444444,0.6444444444444445,21,UMCSENT
0.9111111111111111,0.5444444444444445,0.9111111111111111,0.8888888888888888,22,UMCSENT
0.8666666666666667,0.6666666666666667,0.8666666666666667,0.8222222222222222,23,UMCSENT
0.7111111111111111,0.6666666666666667,0.7111111111111111,0.8444444444444444,24,UMCSENT
0.7333333333333334,0.5444444444444444,0.7333333333333334,0.6888888888888888,25,UMCSENT
0.9111111111111111,0.6888888888888889,0.8222222222222222,0.6222222222222222,26,UMCSENT
0.711111111111111,0.9111111111111111,0.711111111111111,0.7555555555555556,27,UMCSENT
0.888888888888889,0.1777777777777778,0.8666666666666667,0.8888888888888888,28,UMCSENT
0.8666666666666667,0.4444444444444444,0.8666666666666667,0.8888888888888888,29,UMCSENT
0.9777777777777777,0.7333333333333334,0.9555555555555556,0.6666666666666667,30,UMCSENT
0.7333333333333334,0.3777777777777778,0.6,0.7777777777777778,31,UMCSENT
0.6666666666666667,0.5111111111111112,0.6888888888888889,0.44444444444444453,32,UMCSENT
0.8,0.7777777777777778,0.7777777777777778,0.888888888888889,33,UMCSENT
0.888888888888889,0.688888888888889,0.8666666666666667,0.8,34,UMCSENT
0.9333333333333333,0.45555555555555555,0.9333333333333333,0.7555555555555555,35,UMCSENT
0.8666666666666667,0.6444444444444445,0.8666666666666667,0.9555555555555555,36,UMCSENT
0.7555555555555556,0.5666666666666667,0.7555555555555556,0.8,37,UMCSENT
0.9333333333333333,0.6000000000000001,0.888888888888889,0.8222222222222223,38,UMCSENT
0.888888888888889,0.45555555555555566,0.8,0.8888888888888888,39,UMCSENT
0.7777777777777778,0.4888888888888889,0.7555555555555555,0.9777777777777777,40,UMCSENT
0.9777777777777777,0.7111111111111111,0.9777777777777777,0.8888888888888888,41,UMCSENT
0.9333333333333333,0.8444444444444446,0.9111111111111112,0.7555555555555555,42,UMCSENT
0.8444444444444446,0.8333333333333334,0.8444444444444446,0.9111111111111112,43,UMCSENT
0.8,0.5555555555555556,0.8,0.6666666666666667,44,UMCSENT
0.7111111111111111,0.6666666666666667,0.7333333333333334,0.9555555555555556,45,UMCSENT
0.9333333333333333,0.5111111111111112,0.9333333333333333,0.8666666666666667,46,UMCSENT
0.8444444444444444,0.33333333333333337,0.8444444444444444,0.7777777777777778,47,UMCSENT
0.8222222222222223,0.8,0.8222222222222223,0.5111111111111112,48,UMCSENT
0.9777777777777777,0.6000000000000001,0.9777777777777777,0.8444444444444444,49,UMCSENT
0.9111111111111112,0.4222222222222223,0.9111111111111112,0.9111111111111112,50,UMCSENT
0.8666666666666667,0.4888888888888889,0.8666666666666667,0.6222222222222222,51,UMCSENT
0.7333333333333334,0.5555555555555556,0.6888888888888889,0.6888888888888889,52,UMCSENT
0.8222222222222223,0.7777777777777778,0.8222222222222223,0.8444444444444444,53,UMCSENT
0.8666666666666667,0.5555555555555556,0.8666666666666667,0.7333333333333334,54,UMCSENT
0.9111111111111111,0.8666666666666667,0.9111111111111111,0.5555555555555556,55,UMCSENT
0.9555555555555556,0.6222222222222223,0.9555555555555556,0.7333333333333334,56,UMCSENT
0.9111111111111112,0.6000000000000001,0.888888888888889,0.8222222222222222,57,UMCSENT
0.9555555555555556,0.4444444444444445,0.8888888888888888,0.6666666666666667,58,UMCSENT
0.7777777777777778,0.47777777777777786,0.7777777777777778,0.7111111111111111,59,UMCSENT
0.9333333333333333,0.4777777777777778,0.9333333333333333,0.7555555555555556,60,UMCSENT
0.7111111111111111,0.6555555555555556,0.7111111111111111,0.9555555555555555,61,UMCSENT
0.8444444444444444,0.4666666666666667,0.8666666666666667,0.8666666666666667,62,UMCSENT
0.8222222222222223,0.6000000000000001,0.8222222222222223,0.888888888888889,63,UMCSENT
0.8666666666666667,0.5222222222222223,0.8666666666666667,0.9333333333333332,64,UMCSENT
0.6888888888888889,0.4,0.6888888888888889,0.9333333333333333,65,UMCSENT
0.8,0.8222222222222223,0.8,0.8666666666666667,66,UMCSENT
0.9555555555555556,0.5777777777777778,0.9555555555555556,0.7111111111111111,67,UMCSENT
0.9111111111111111,0.9444444444444444,0.9111111111111111,0.8888888888888888,68,UMCSENT
0.8222222222222222,0.8444444444444444,0.8222222222222222,0.6,69,UMCSENT
0.8,0.44444444444444453,0.8,0.7111111111111111,70,UMCSENT
0.8,0.6444444444444445,0.8,0.8,71,UMCSENT
0.8666666666666667,0.7333333333333334,0.8222222222222223,0.7555555555555555,72,UMCSENT
0.9111111111111111,0.788888888888889,0.9111111111111111,0.8888888888888888,73,UMCSENT
0.9111111111111112,0.7111111111111112,0.9111111111111112,0.9333333333333333,74,UMCSENT
0.8222222222222223,0.5777777777777778,0.8222222222222223,0.7111111111111111,75,UMCSENT
0.9111111111111111,0.6666666666666667,0.9111111111111111,0.8,76,UMCSENT
0.6666666666666667,0.4,0.6666666666666667,0.9555555555555555,77,UMCSENT
0.6222222222222222,0.7,0.6444444444444445,0.7333333333333334,78,UMCSENT
0.8666666666666667,0.6888888888888889,0.8444444444444444,0.7777777777777778,79,UMCSENT
0.9333333333333333,0.4,0.9333333333333333,0.688888888888889,80,UMCSENT
0.9111111111111112,0.44444444444444453,0.8666666666666667,0.44444444444444453,81,UMCSENT
0.8222222222222222,0.6666666666666667,0.7777777777777778,0.7555555555555555,82,UMCSENT
0.9333333333333333,0.5333333333333333,0.9333333333333333,0.9111111111111111,83,UMCSENT
0.7555555555555555,0.6555555555555556,0.7555555555555555,0.9111111111111112,84,UMCSENT
0.9111111111111112,0.9111111111111111,0.9333333333333333,0.8222222222222223,85,UMCSENT
0.9555555555555556,0.7333333333333334,0.9555555555555556,0.9555555555555556,86,UMCSENT
0.6888888888888889,0.7111111111111112,0.7111111111111111,0.6888888888888888,87,UMCSENT
0.9111111111111112,0.8444444444444444,0.9111111111111112,0.9555555555555556,88,UMCSENT
0.9111111111111112,0.688888888888889,0.9111111111111112,0.8444444444444444,89,UMCSENT
0.8888888888888888,1.0,0.8888888888888888,0.8222222222222223,90,UMCSENT
0.8888888888888888,0.6000000000000001,0.8888888888888888,0.9555555555555556,91,UMCSENT
0.8222222222222223,0.7111111111111111,0.8222222222222223,0.7777777777777778,92,UMCSENT
0.8666666666666667,0.7111111111111111,0.8666666666666667,0.9111111111111112,93,UMCSENT
0.9333333333333333,0.4888888888888889,0.8666666666666667,0.7111111111111111,94,UMCSENT
0.8,0.6,0.8,0.9555555555555556,95,UMCSENT
0.8666666666666667,0.5333333333333333,0.8666666666666667,0.688888888888889,96,UMCSENT
0.7777777777777778,0.7777777777777779,0.7777777777777778,0.8222222222222223,97,UMCSENT
0.9111111111111111,0.5333333333333333,0.9111111111111111,0.6444444444444445,98,UMCSENT
0.888888888888889,0.5333333333333333,0.8666666666666667,0.7333333333333334,99,UMCSENT
0.7555555555555556,0.48888888888888893,0.7333333333333334,0.8,100,UMCSENT
0.9555555555555555,0.6000000000000001,0.9555555555555555,0.7777777777777779,101,UMCSENT
0.6888888888888889,0.6666666666666667,0.6888888888888889,0.6888888888888889,102,UMCSENT
0.7777777777777779,0.6111111111111112,0.7777777777777779,0.6444444444444444,103,UMCSENT
0.9777777777777777,0.9111111111111111,0.9777777777777777,0.888888888888889,104,UMCSENT
0.8444444444444444,0.6888888888888889,0.8444444444444444,0.7333333333333333,105,UMCSENT
0.9333333333333333,0.6555555555555556,0.9333333333333333,0.7777777777777778,106,UMCSENT
0.9555555555555555,0.6222222222222222,0.9555555555555555,0.9111111111111111,107,UMCSENT
0.711111111111111,0.5777777777777778,0.711111111111111,0.8222222222222222,108,UMCSENT
0.7777777777777778,0.8,0.7777777777777778,0.7333333333333334,109,UMCSENT
0.9777777777777777,0.6222222222222223,0.9777777777777777,0.7777777777777778,110,UMCSENT
0.7111111111111111,0.7333333333333334,0.7111111111111111,0.9333333333333333,111,UMCSENT
0.8444444444444446,0.5555555555555556,0.8444444444444446,0.6666666666666667,112,UMCSENT
0.8222222222222223,0.6666666666666667,0.7777777777777778,0.8444444444444446,113,UMCSENT
0.9555555555555556,0.7333333333333334,0.9555555555555556,0.7555555555555556,114,UMCSENT
0.8888888888888888,0.5555555555555556,0.8666666666666667,0.7777777777777778,115,UMCSENT
0.8888888888888888,0.7777777777777779,0.8888888888888888,0.8444444444444444,116,UMCSENT
0.7555555555555555,0.39999999999999997,0.7333333333333334,0.7555555555555556,117,UMCSENT
0.9111111111111112,0.6444444444444445,0.888888888888889,0.9555555555555555,118,UMCSENT
0.7555555555555556,0.8444444444444446,0.7333333333333333,0.8,119,UMCSENT
0.6666666666666667,0.7333333333333334,0.6666666666666667,0.9777777777777777,120,UMCSENT
0.8222222222222223,0.5111111111111112,0.8222222222222223,0.8,121,UMCSENT
0.8666666666666667,0.5111111111111112,0.8666666666666667,0.8,122,UMCSENT
0.711111111111111,0.8777777777777778,0.711111111111111,0.6666666666666667,123,UMCSENT
0.9111111111111112,0.3111111111111111,0.888888888888889,0.7555555555555555,124,UMCSENT
0.8666666666666667,0.4222222222222223,0.8666666666666667,0.8,125,UMCSENT
0.7777777777777778,0.5555555555555556,0.7777777777777778,0.7555555555555556,126,UMCSENT
0.7555555555555556,0.7333333333333334,0.7333333333333334,0.9111111111111112,127,UMCSENT
0.8,0.5444444444444445,0.7777777777777778,0.8222222222222223,128,UMCSENT
0.8444444444444444,0.2666666666666667,0.7777777777777778,0.8,129,UMCSENT
0.9111111111111112,0.6444444444444444,0.9111111111111112,0.8,130,UMCSENT
0.9777777777777777,0.7111111111111111,0.9777777777777777,0.8,131,UMCSENT
0.8666666666666667,0.6222222222222222,0.8666666666666667,0.888888888888889,132,UMCSENT
0.9555555555555555,0.7555555555555555,0.9555555555555555,0.8,133,UMCSENT
0.8222222222222222,0.6888888888888889,0.8222222222222222,0.8666666666666667,134,UMCSENT
0.8666666666666667,0.6777777777777778,0.8222222222222223,0.9333333333333333,135,UMCSENT
0.9333333333333332,0.5777777777777777,0.9333333333333332,0.7111111111111111,136,UMCSENT
0.7333333333333334,0.6888888888888889,0.711111111111111,0.8444444444444446,137,UMCSENT
0.888888888888889,0.48888888888888893,0.8666666666666667,0.5333333333333333,138,UMCSENT
0.9111111111111112,0.4666666666666667,0.9111111111111112,0.9555555555555556,139,UMCSENT
0.7555555555555556,0.4222222222222222,0.7555555555555556,0.888888888888889,140,UMCSENT
0.6444444444444445,0.788888888888889,0.6000000000000001,0.888888888888889,141,UMCSENT
0.7111111111111112,0.5333333333333334,0.688888888888889,0.6888888888888889,142,UMCSENT
0.7333333333333334,0.5111111111111112,0.7333333333333334,0.7555555555555555,143,UMCSENT
0.888888888888889,0.6111111111111112,0.9111111111111111,0.7111111111111111,144,UMCSENT
0.5777777777777778,0.37777777777777777,0.6000000000000001,0.6888888888888889,145,UMCSENT
0.8666666666666667,0.6555555555555556,0.8666666666666667,0.9111111111111111,146,UMCSENT
0.8,0.6888888888888889,0.8,0.8444444444444446,147,UMCSENT
0.8666666666666667,0.4111111111111112,0.8666666666666667,0.7333333333333334,148,UMCSENT
0.5555555555555556,0.6444444444444445,0.5777777777777777,0.5555555555555556,149,UMCSENT
0.9111111111111112,0.5555555555555556,0.9111111111111112,0.7777777777777778,150,UMCSENT
0.7777777777777778,0.5555555555555556,0.7555555555555555,0.7333333333333334,151,UMCSENT
0.9111111111111111,0.5777777777777778,0.888888888888889,0.7333333333333334,152,UMCSENT
0.8666666666666667,0.7333333333333334,0.8666666666666667,0.8,153,UMCSENT
0.7555555555555555,0.6888888888888889,0.7555555555555555,0.9111111111111112,154,UMCSENT
0.7333333333333334,0.7333333333333334,0.7111111111111111,0.6444444444444444,155,UMCSENT
0.8222222222222223,0.5555555555555556,0.8,0.7777777777777778,156,UMCSENT
0.7333333333333333,0.5777777777777778,0.7555555555555555,0.7333333333333334,157,UMCSENT
0.7777777777777778,0.7555555555555555,0.7777777777777778,0.6222222222222221,158,UMCSENT
0.9555555555555555,0.8666666666666667,0.9333333333333333,0.9777777777777777,159,UMCSENT
0.8888888888888888,0.8222222222222222,0.8888888888888888,0.8444444444444444,160,UMCSENT
0.7555555555555555,0.7333333333333334,0.7333333333333333,0.8444444444444444,161,UMCSENT
0.8666666666666667,0.7,0.8444444444444444,0.7777777777777778,162,UMCSENT
0.9333333333333333,0.5333333333333334,0.9111111111111112,0.7333333333333334,163,UMCSENT
0.7777777777777778,0.7333333333333334,0.7777777777777778,1.0,164,UMCSENT
0.9333333333333333,0.7555555555555555,0.9333333333333333,0.8666666666666667,165,UMCSENT
0.8222222222222223,0.7666666666666667,0.8,0.9333333333333333,166,UMCSENT
0.9111111111111112,0.5555555555555556,0.9111111111111112,0.9333333333333333,167,UMCSENT
0.8,0.6222222222222222,0.8,0.6000000000000001,168,UMCSENT
0.8,0.6222222222222222,0.8,0.7111111111111111,169,UMCSENT
0.7555555555555555,0.6222222222222222,0.7333333333333334,0.5777777777777778,170,UMCSENT
0.8444444444444444,0.6222222222222222,0.8444444444444444,0.888888888888889,171,UMCSENT
0.8,0.6666666666666667,0.8,0.8444444444444446,172,UMCSENT
0.6666666666666666,0.7555555555555556,0.6444444444444445,0.7333333333333333,173,UMCSENT
1.0,0.5555555555555556,1.0,0.8444444444444446,174,UMCSENT
0.8444444444444446,0.6888888888888889,0.8222222222222222,0.8666666666666667,175,UMCSENT
0.7333333333333334,0.6777777777777778,0.688888888888889,0.6888888888888889,176,UMCSENT
0.6666666666666667,0.8222222222222222,0.6666666666666667,0.8222222222222223,177,UMCSENT
0.9777777777777777,0.5777777777777778,0.9777777777777777,0.8888888888888888,178,UMCSENT
1.0,0.5555555555555556,1.0,0.4222222222222223,179,UMCSENT
0.9111111111111112,0.9111111111111112,0.9111111111111112,0.8444444444444446,180,UMCSENT
0.6888888888888889,0.7777777777777778,0.7333333333333333,0.7111111111111111,181,UMCSENT
0.8222222222222222,0.5888888888888889,0.8,0.8,182,UMCSENT
1.0,0.7999999999999999,1.0,0.688888888888889,183,UMCSENT
0.8222222222222223,0.44444444444444453,0.7777777777777778,0.9777777777777777,184,UMCSENT
0.9333333333333333,0.7333333333333334,0.9333333333333333,0.6444444444444445,185,UMCSENT
0.6666666666666667,0.7555555555555555,0.6666666666666667,0.9333333333333333,186,UMCSENT
0.6000000000000001,0.6888888888888889,0.6000000000000001,0.6444444444444445,187,UMCSENT
0.8666666666666667,0.5777777777777778,0.8666666666666667,0.9111111111111112,188,UMCSENT
0.8444444444444446,0.6000000000000001,0.8,0.8444444444444444,189,UMCSENT
0.8,0.9111111111111111,0.7777777777777778,0.688888888888889,190,UMCSENT
0.9111111111111112,0.5222222222222224,0.9111111111111112,0.8444444444444446,191,UMCSENT
0.8666666666666667,0.5444444444444445,0.8666666666666667,0.7333333333333334,192,UMCSENT
0.8222222222222223,0.8444444444444444,0.8,0.8888888888888888,193,UMCSENT
0.8666666666666667,0.6222222222222222,0.8666666666666667,0.8222222222222223,194,UMCSENT
0.8222222222222222,0.5111111111111112,0.8222222222222222,0.9111111111111111,195,UMCSENT
0.9777777777777777,0.5333333333333333,0.9777777777777777,0.8222222222222223,196,UMCSENT
0.8888888888888888,0.7777777777777779,0.8888888888888888,0.8222222222222223,197,UMCSENT
0.6666666666666667,0.3555555555555556,0.6888888888888889,0.8666666666666667,198,UMCSENT
0.8,0.6888888888888889,0.8,0.7333333333333334,199,UMCSENT
0.9111111111111111,0.8888888888888888,0.9111111111111111,0.8,200,UMCSENT
0.6444444444444445,0.5111111111111111,0.6222222222222222,0.7777777777777778,201,UMCSENT
0.8666666666666667,0.6666666666666667,0.8666666666666667,0.9333333333333333,202,UMCSENT
0.888888888888889,0.8,0.8666666666666667,0.7333333333333334,203,UMCSENT
0.8444444444444446,0.3666666666666667,0.7777777777777778,0.9111111111111112,204,UMCSENT
0.7777777777777778,0.6,0.7777777777777778,0.8666666666666667,205,UMCSENT
0.9777777777777777,0.5555555555555556,0.9555555555555555,0.8666666666666667,206,UMCSENT
0.8666666666666667,0.5777777777777777,0.8666666666666667,0.8,207,UMCSENT
0.888888888888889,0.37777777777777777,0.9111111111111111,0.8666666666666667,208,UMCSENT
0.9111111111111112,0.6444444444444445,0.9111111111111112,0.8666666666666667,209,UMCSENT
0.8444444444444446,0.6222222222222222,0.8444444444444446,0.8666666666666667,210,UMCSENT
0.9555555555555556,0.7444444444444445,0.9555555555555556,0.6000000000000001,211,UMCSENT
0.8888888888888888,0.8,0.8888888888888888,0.7777777777777778,212,UMCSENT
0.7555555555555555,0.5777777777777777,0.7555555555555555,0.9111111111111111,213,UMCSENT
0.7555555555555555,0.4666666666666667,0.7555555555555555,0.8,214,UMCSENT
0.8222222222222222,0.3777777777777778,0.8444444444444446,0.8222222222222223,215,UMCSENT
0.7777777777777778,0.6000000000000001,0.7777777777777778,0.7333333333333334,216,UMCSENT
0.7777777777777778,0.5555555555555556,0.7777777777777778,0.711111111111111,217,UMCSENT
0.888888888888889,0.48888888888888893,0.888888888888889,0.888888888888889,218,UMCSENT
0.7555555555555555,0.5888888888888889,0.6888888888888889,0.5111111111111112,219,UMCSENT
0.8444444444444444,0.8222222222222222,0.8444444444444444,0.8444444444444444,220,UMCSENT
0.8,0.5222222222222223,0.8222222222222222,0.7111111111111112,221,UMCSENT
0.8888888888888888,0.7555555555555555,0.8444444444444446,0.4,222,UMCSENT
0.9333333333333333,0.8111111111111111,0.9111111111111112,0.8666666666666667,223,UMCSENT
0.7555555555555555,0.37777777777777777,0.7777777777777779,0.5333333333333334,224,UMCSENT
0.9333333333333333,0.9777777777777777,0.9333333333333333,0.8222222222222223,225,UMCSENT
0.9555555555555556,0.5111111111111111,0.9555555555555556,0.7777777777777778,226,UMCSENT
0.5111111111111111,0.7333333333333334,0.5111111111111111,0.7777777777777779,227,UMCSENT
0.8444444444444444,0.6222222222222222,0.8222222222222222,0.8,228,UMCSENT
0.888888888888889,0.5111111111111111,0.8666666666666667,0.48888888888888893,229,UMCSENT
0.8666666666666667,0.4666666666666667,0.8444444444444444,0.8,230,UMCSENT
0.8444444444444444,0.48888888888888893,0.8444444444444444,0.8666666666666667,231,UMCSENT
0.6888888888888889,0.8222222222222222,0.6888888888888889,0.8,232,UMCSENT
0.888888888888889,0.7777777777777779,0.9111111111111111,0.5999999999999999,233,UMCSENT
0.9111111111111112,0.8,0.9333333333333333,0.7777777777777778,234,UMCSENT
0.6222222222222223,0.6444444444444444,0.6222222222222223,0.8444444444444446,235,UMCSENT
0.888888888888889,0.6888888888888889,0.888888888888889,0.8888888888888888,236,UMCSENT
0.6888888888888889,0.4,0.6444444444444444,0.5777777777777778,237,UMCSENT
0.9111111111111112,0.3777777777777779,0.8666666666666667,0.4888888888888889,238,UMCSENT
0.9111111111111111,0.5222222222222221,0.9111111111111111,1.0,239,UMCSENT
0.7777777777777779,0.6222222222222222,0.7777777777777779,0.8444444444444446,240,UMCSENT
0.8,0.7555555555555556,0.8,0.7111111111111112,241,UMCSENT
0.6888888888888889,0.30000000000000004,0.5333333333333334,0.7777777777777778,242,UMCSENT
0.9111111111111111,0.7333333333333334,0.9111111111111111,0.9333333333333333,243,UMCSENT
0.8888888888888888,0.5555555555555556,0.9111111111111111,0.8,244,UMCSENT
0.8222222222222222,0.7333333333333334,0.8222222222222222,0.7111111111111111,245,UMCSENT
0.7777777777777778,0.28888888888888886,0.711111111111111,0.7555555555555555,246,UMCSENT
0.7555555555555555,0.3666666666666667,0.6888888888888889,0.7777777777777779,247,UMCSENT
0.9111111111111111,0.38888888888888895,0.9111111111111111,0.8444444444444446,248,UMCSENT
0.6888888888888889,0.4,0.6666666666666666,0.9111111111111111,249,UMCSENT
0.7555555555555555,0.8222222222222222,0.7555555555555555,0.7555555555555555,250,UMCSENT
0.8444444444444444,0.5777777777777778,0.8444444444444444,0.7333333333333334,251,UMCSENT
0.8222222222222223,0.5555555555555557,0.8,0.8666666666666667,252,UMCSENT
0.8444444444444444,0.6444444444444444,0.8444444444444444,0.8666666666666667,253,UMCSENT
0.9111111111111112,0.46666666666666673,0.9111111111111112,0.9111111111111111,254,UMCSENT
0.8444444444444444,0.5555555555555556,0.8222222222222222,0.7555555555555556,255,UMCSENT
0.9777777777777777,0.5555555555555556,0.9777777777777777,0.711111111111111,256,UMCSENT
0.7777777777777778,0.6444444444444445,0.7777777777777778,0.8888888888888888,257,UMCSENT
0.7555555555555556,0.4222222222222222,0.688888888888889,0.5777777777777778,258,UMCSENT
0.9777777777777777,0.7444444444444445,0.9777777777777777,0.8666666666666667,259,UMCSENT
0.7777777777777778,0.5666666666666667,0.7777777777777778,0.888888888888889,260,UMCSENT
0.9777777777777777,0.7111111111111111,0.9777777777777777,0.7111111111111111,261,UMCSENT
0.9333333333333333,0.5111111111111112,0.9111111111111111,0.7111111111111111,262,UMCSENT
0.8,0.5555555555555556,0.8,0.5555555555555556,263,UMCSENT
0.8666666666666667,0.5111111111111111,0.8666666666666667,0.688888888888889,264,UMCSENT
0.9555555555555555,0.5555555555555556,0.9555555555555555,0.6444444444444444,265,UMCSENT
0.8666666666666667,0.3777777777777778,0.8666666666666667,0.7777777777777779,266,UMCSENT
0.7333333333333334,0.7777777777777778,0.6888888888888888,0.8888888888888888,267,UMCSENT
0.9111111111111112,0.8,0.9111111111111112,0.688888888888889,268,UMCSENT
0.7777777777777778,0.7777777777777778,0.7777777777777778,0.9777777777777777,269,UMCSENT
0.8444444444444446,0.5111111111111111,0.8222222222222222,0.888888888888889,270,UMCSENT
0.9333333333333333,0.5777777777777777,0.9333333333333333,0.6888888888888889,271,UMCSENT
0.7111111111111111,0.7777777777777778,0.688888888888889,0.6888888888888889,272,UMCSENT
0.888888888888889,0.48888888888888893,0.888888888888889,0.7333333333333334,273,UMCSENT
0.888888888888889,0.5555555555555556,0.8666666666666667,0.7777777777777778,274,UMCSENT
0.9111111111111112,0.3555555555555556,0.9111111111111111,0.6888888888888889,275,UMCSENT
0.7333333333333333,0.38888888888888895,0.7333333333333333,0.8666666666666667,276,UMCSENT
0.8222222222222223,0.2777777777777778,0.7777777777777779,0.688888888888889,277,UMCSENT
0.8444444444444444,0.7333333333333334,0.8444444444444444,0.5555555555555556,278,UMCSENT
1.0,0.7777777777777778,1.0,0.8888888888888888,279,UMCSENT
0.8444444444444446,0.7777777777777778,0.8444444444444446,0.9777777777777777,280,UMCSENT
0.888888888888889,0.7,0.8444444444444446,0.8444444444444444,281,UMCSENT
0.888888888888889,0.5777777777777777,0.888888888888889,0.9555555555555556,282,UMCSENT
0.9111111111111111,0.6777777777777778,0.9111111111111111,0.7555555555555556,283,UMCSENT
0.9111111111111111,0.6666666666666667,0.9111111111111111,0.8222222222222223,284,UMCSENT
0.7111111111111111,0.6666666666666667,0.7111111111111111,0.7333333333333334,285,UMCSENT
0.8666666666666667,0.6555555555555556,0.8666666666666667,0.888888888888889,286,UMCSENT
0.8666666666666667,0.6444444444444445,0.8666666666666667,0.8,287,UMCSENT
0.8888888888888888,0.8,0.8888888888888888,0.7111111111111111,288,UMCSENT
0.6888888888888889,0.5666666666666667,0.6888888888888889,0.9111111111111111,289,UMCSENT
0.8444444444444444,0.6555555555555556,0.8222222222222222,0.7111111111111111,290,UMCSENT
0.6888888888888889,0.5333333333333333,0.6888888888888889,0.6000000000000001,291,UMCSENT
0.888888888888889,0.6666666666666667,0.8888888888888888,0.8666666666666667,292,UMCSENT
0.6444444444444445,0.6888888888888889,0.6444444444444445,0.888888888888889,293,UMCSENT
0.8666666666666667,0.8222222222222222,0.8666666666666667,0.6888888888888888,294,UMCSENT
0.7555555555555555,0.7666666666666667,0.7555555555555555,0.9333333333333332,295,UMCSENT
0.9111111111111111,0.6111111111111112,0.9111111111111111,0.6444444444444445,296,UMCSENT
0.6888888888888889,0.4,0.6222222222222222,0.7777777777777778,297,UMCSENT
0.8444444444444444,0.7666666666666667,0.8222222222222223,0.7111111111111111,298,UMCSENT
0.9555555555555556,0.5777777777777778,1.0,0.5999999999999999,299,UMCSENT
0.7111111111111111,0.6444444444444445,0.7333333333333334,0.5777777777777778,300,UMCSENT
0.9111111111111112,0.7888888888888889,0.9111111111111112,0.8,301,UMCSENT
0.7777777777777778,0.4666666666666667,0.7777777777777778,0.8,302,UMCSENT
0.8888888888888888,0.7777777777777778,0.8888888888888888,0.6666666666666666,303,UMCSENT
0.8666666666666667,0.7777777777777778,0.8666666666666667,1.0,304,UMCSENT
0.9333333333333333,0.6111111111111112,0.9333333333333333,0.9555555555555556,305,UMCSENT
0.9111111111111112,0.4222222222222222,0.9111111111111112,0.6888888888888889,306,UMCSENT
0.8222222222222222,0.7666666666666667,0.8,0.7111111111111111,307,UMCSENT
0.8666666666666667,0.6444444444444445,0.8666666666666667,0.7333333333333334,308,UMCSENT
0.8,0.4666666666666667,0.8,0.9555555555555556,309,UMCSENT
0.9111111111111112,0.6444444444444445,0.9111111111111112,0.5555555555555556,310,UMCSENT
0.8444444444444446,0.7,0.8222222222222222,0.6666666666666667,311,UMCSENT
0.9777777777777777,0.6,0.9777777777777777,0.6888888888888889,312,UMCSENT
0.9111111111111111,0.6000000000000001,0.9111111111111111,0.8666666666666667,313,UMCSENT
0.8444444444444446,0.6777777777777778,0.8222222222222222,0.8,314,UMCSENT
0.7333333333333334,0.7888888888888889,0.7111111111111111,0.7555555555555555,315,UMCSENT
0.7333333333333334,0.5555555555555556,0.7333333333333334,0.4222222222222223,316,UMCSENT
0.9777777777777777,0.6000000000000001,0.9777777777777777,0.8222222222222223,317,UMCSENT
0.8222222222222222,0.7222222222222223,0.8,0.6222222222222222,318,UMCSENT
0.711111111111111,0.8,0.711111111111111,0.7111111111111111,319,UMCSENT
0.8222222222222223,0.7555555555555555,0.8222222222222223,0.8222222222222223,320,UMCSENT
0.7777777777777778,0.7111111111111111,0.7777777777777778,0.9555555555555556,321,UMCSENT
0.8,0.47777777777777786,0.7777777777777778,0.7111111111111111,322,UMCSENT
0.6222222222222222,0.6000000000000001,0.6222222222222222,0.7555555555555555,323,UMCSENT
0.8666666666666667,0.7111111111111111,0.8888888888888888,0.7333333333333334,324,UMCSENT
0.9111111111111111,0.4666666666666667,0.888888888888889,0.6000000000000001,325,UMCSENT
0.6444444444444445,0.7111111111111111,0.6444444444444445,0.688888888888889,326,UMCSENT
0.7777777777777778,0.43333333333333335,0.7555555555555556,0.7777777777777778,327,UMCSENT
0.9333333333333333,0.6888888888888889,0.888888888888889,0.8222222222222222,328,UMCSENT
0.7777777777777778,0.5777777777777778,0.7777777777777778,0.7111111111111112,329,UMCSENT
1.0,0.6222222222222222,1.0,0.7111111111111111,330,UMCSENT
0.9333333333333333,0.5444444444444445,0.8888888888888888,0.8888888888888888,331,UMCSENT
0.9111111111111111,0.5777777777777778,0.9111111111111111,0.8222222222222223,332,UMCSENT
0.6444444444444445,0.5,0.6666666666666667,0.8,333,UMCSENT
0.8,0.16666666666666669,0.8,0.8222222222222223,334,UMCSENT
0.9777777777777777,0.7222222222222223,0.9555555555555556,0.8,335,UMCSENT
0.8666666666666667,0.48888888888888893,0.8666666666666667,0.6666666666666666,336,UMCSENT
0.8222222222222222,0.46666666666666673,0.8222222222222222,0.7777777777777778,337,UMCSENT
0.7111111111111111,0.8,0.7333333333333334,0.6000000000000001,338,UMCSENT
0.8666666666666667,0.7333333333333334,0.8666666666666667,0.5555555555555556,339,UMCSENT
0.8222222222222222,0.6888888888888889,0.8222222222222222,0.8,340,UMCSENT
1.0,0.8,1.0,0.8444444444444444,341,UMCSENT
0.8666666666666667,0.788888888888889,0.8666666666666667,0.6666666666666667,342,UMCSENT
0.9555555555555555,0.6111111111111112,0.9555555555555555,0.8,343,UMCSENT
0.8,0.6000000000000001,0.7555555555555555,0.7333333333333334,344,UMCSENT
0.7111111111111111,0.6333333333333333,0.7111111111111111,0.7111111111111111,345,UMCSENT
0.6222222222222222,0.37777777777777777,0.5333333333333334,0.6,346,UMCSENT
0.7777777777777779,0.4444444444444445,0.7777777777777779,0.711111111111111,347,UMCSENT
0.7777777777777778,0.8333333333333333,0.7555555555555556,0.6666666666666667,348,UMCSENT
0.9111111111111112,0.5,0.8888888888888888,0.8888888888888888,349,UMCSENT
0.9333333333333333,0.6000000000000001,0.9333333333333333,0.8,350,UMCSENT
0.9555555555555555,0.7222222222222222,0.9555555555555555,0.7777777777777778,351,UMCSENT
0.8666666666666667,0.5555555555555556,0.8666666666666667,0.6000000000000001,352,UMCSENT
0.9111111111111111,0.6888888888888889,0.888888888888889,0.7777777777777778,353,UMCSENT
0.8666666666666667,0.7777777777777778,0.8666666666666667,0.9111111111111111,354,UMCSENT
0.9555555555555555,0.6000000000000001,0.9333333333333332,0.9111111111111111,355,UMCSENT
0.7333333333333334,0.7111111111111111,0.7111111111111112,0.7777777777777778,356,UMCSENT
0.6444444444444445,0.4555555555555556,0.5111111111111111,0.8222222222222223,357,UMCSENT
0.6666666666666667,0.5333333333333333,0.6444444444444445,0.5777777777777777,358,UMCSENT
0.6,0.5222222222222223,0.5777777777777777,0.5555555555555556,359,UMCSENT
0.9111111111111112,0.5222222222222223,0.9111111111111112,0.8444444444444444,360,UMCSENT
0.6666666666666667,0.7333333333333334,0.6666666666666667,0.8444444444444444,361,UMCSENT
0.8444444444444444,0.5333333333333333,0.8,0.9777777777777777,362,UMCSENT
0.8222222222222223,0.7111111111111111,0.8222222222222223,0.6888888888888889,363,UMCSENT
0.9333333333333333,0.4666666666666667,0.888888888888889,0.8666666666666667,364,UMCSENT
0.8444444444444444,0.8,0.8444444444444444,0.7111111111111111,365,UMCSENT
0.9333333333333333,0.5555555555555556,0.9111111111111111,0.8222222222222222,366,UMCSENT
0.8222222222222223,0.6555555555555556,0.8222222222222223,0.7777777777777778,367,UMCSENT
0.8,0.6444444444444445,0.8,0.8444444444444446,368,UMCSENT
0.8,0.3111111111111111,0.8,0.5777777777777777,369,UMCSENT
0.8,0.5444444444444445,0.7333333333333334,0.8444444444444446,370,UMCSENT
0.888888888888889,0.48888888888888893,0.888888888888889,0.7555555555555555,371,UMCSENT
1.0,0.7555555555555556,1.0,0.9333333333333333,372,UMCSENT
0.9111111111111111,0.6666666666666667,0.9111111111111111,0.7777777777777779,373,UMCSENT
0.8222222222222223,0.8222222222222222,0.8222222222222223,0.9333333333333333,374,UMCSENT
0.888888888888889,0.7000000000000002,0.8666666666666667,0.7555555555555555,375,UMCSENT
0.8222222222222222,0.7777777777777779,0.8,0.8,376,UMCSENT
0.9333333333333333,0.6000000000000001,0.9333333333333333,0.8888888888888888,377,UMCSENT
0.9111111111111112,0.37777777777777777,0.8444444444444444,0.7777777777777778,378,UMCSENT
0.7555555555555555,0.9111111111111111,0.7555555555555555,0.8666666666666667,379,UMCSENT
0.6666666666666667,0.8444444444444446,0.6444444444444445,0.6666666666666667,380,UMCSENT
0.9111111111111112,0.6444444444444445,0.9111111111111112,0.8,381,UMCSENT
0.6888888888888889,0.7222222222222222,0.6444444444444445,0.8,382,UMCSENT
0.7555555555555555,0.5555555555555556,0.7555555555555555,0.9111111111111111,383,UMCSENT
0.8,0.8,0.7555555555555555,0.7333333333333334,384,UMCSENT
0.9777777777777777,0.7777777777777779,0.9777777777777777,0.9777777777777777,385,UMCSENT
0.8222222222222222,0.6000000000000001,0.8,0.7555555555555556,386,UMCSENT
0.8666666666666667,0.6000000000000001,0.8666666666666667,0.6444444444444445,387,UMCSENT
0.8444444444444446,0.5333333333333334,0.8444444444444446,0.888888888888889,388,UMCSENT
0.9111111111111112,0.6888888888888889,0.9111111111111112,0.8444444444444444,389,UMCSENT
0.9333333333333333,0.6222222222222222,0.9111111111111112,0.9111111111111112,390,UMCSENT
0.8888888888888888,0.7777777777777779,0.8888888888888888,0.7111111111111111,391,UMCSENT
0.7333333333333334,0.3888888888888889,0.7333333333333334,0.9333333333333333,392,UMCSENT
0.7111111111111111,0.7777777777777777,0.6888888888888888,0.7111111111111111,393,UMCSENT
0.8222222222222222,0.48888888888888893,0.8222222222222222,0.6222222222222222,394,UMCSENT
0.7777777777777779,0.4222222222222222,0.7333333333333334,0.4,395,UMCSENT
0.7333333333333334,0.6666666666666667,0.7333333333333334,0.9555555555555556,396,UMCSENT
0.7333333333333334,0.7111111111111111,0.7333333333333334,1.0,397,UMCSENT
0.9111111111111111,0.6000000000000001,0.9111111111111111,0.9333333333333333,398,UMCSENT
0.8,0.4444444444444445,0.8222222222222223,0.9777777777777777,399,UMCSENT
0.888888888888889,0.7777777777777779,0.888888888888889,0.6222222222222222,400,UMCSENT
0.8,0.8444444444444444,0.8,0.7555555555555555,401,UMCSENT
0.9777777777777777,0.8666666666666667,0.9555555555555556,0.7777777777777778,402,UMCSENT
0.888888888888889,0.4222222222222223,0.888888888888889,0.7111111111111111,403,UMCSENT
0.7333333333333333,0.43333333333333335,0.6444444444444445,0.9111111111111111,404,UMCSENT
0.9555555555555556,0.6666666666666667,0.9111111111111111,0.6000000000000001,405,UMCSENT
0.9111111111111112,0.48888888888888893,0.9111111111111112,0.7333333333333334,406,UMCSENT
0.8,0.37777777777777777,0.8222222222222222,0.6666666666666667,407,UMCSENT
0.8888888888888888,0.6111111111111112,0.8888888888888888,0.8888888888888888,408,UMCSENT
0.9111111111111111,0.7444444444444445,0.9111111111111111,0.9333333333333332,409,UMCSENT
0.7555555555555556,0.5555555555555556,0.7777777777777779,0.8444444444444446,410,UMCSENT
0.7777777777777778,0.28888888888888886,0.7333333333333333,0.8666666666666667,411,UMCSENT
0.688888888888889,0.8444444444444444,0.7111111111111111,0.5111111111111111,412,UMCSENT
0.7111111111111111,0.5444444444444445,0.7111111111111111,0.9777777777777777,413,UMCSENT
0.7333333333333334,0.6666666666666667,0.6888888888888889,0.5777777777777777,414,UMCSENT
0.7333333333333334,0.711111111111111,0.7333333333333334,1.0,415,UMCSENT
0.8222222222222223,0.7777777777777778,0.8222222222222223,0.8,416,UMCSENT
0.5555555555555556,0.5888888888888889,0.5555555555555556,0.6222222222222222,417,UMCSENT
0.9333333333333332,0.4222222222222223,0.9333333333333332,0.8,418,UMCSENT
0.9333333333333332,0.8,0.9111111111111111,0.7111111111111111,419,UMCSENT
0.8444444444444444,0.8888888888888888,0.8222222222222222,0.6222222222222222,420,UMCSENT
0.7111111111111111,0.3555555555555556,0.7333333333333334,0.8,421,UMCSENT
0.9555555555555555,0.5555555555555556,0.9333333333333333,0.8222222222222223,422,UMCSENT
0.8,0.6111111111111112,0.8,0.9333333333333333,423,UMCSENT
0.9111111111111111,0.7111111111111111,0.9111111111111111,0.6222222222222222,424,UMCSENT
0.8888888888888888,0.6444444444444445,0.8888888888888888,0.5555555555555556,425,UMCSENT
0.8222222222222222,0.3222222222222223,0.8,0.7777777777777778,426,UMCSENT
0.8666666666666667,0.7333333333333334,0.8444444444444444,0.8444444444444446,427,UMCSENT
0.9111111111111112,0.8444444444444444,0.9111111111111112,0.7111111111111111,428,UMCSENT
0.7555555555555555,0.8888888888888888,0.7111111111111111,0.8222222222222223,429,UMCSENT
0.7333333333333334,0.46666666666666673,0.7333333333333334,0.9555555555555556,430,UMCSENT
0.8,0.5555555555555556,0.8,0.6000000000000001,431,UMCSENT
0.8888888888888888,0.9333333333333333,0.8888888888888888,0.6666666666666666,432,UMCSENT
0.7777777777777778,0.7333333333333334,0.7555555555555555,0.8,433,UMCSENT
0.8666666666666667,0.8444444444444444,0.8444444444444446,0.7111111111111111,434,UMCSENT
0.8666666666666667,0.8111111111111111,0.7777777777777778,0.7333333333333334,435,UMCSENT
0.9111111111111111,0.43333333333333335,0.9111111111111111,0.7777777777777778,436,UMCSENT
0.7111111111111111,0.5333333333333334,0.6888888888888889,0.9333333333333333,437,UMCSENT
0.7555555555555555,0.4444444444444445,0.7777777777777778,0.9777777777777777,438,UMCSENT
0.888888888888889,0.9111111111111111,0.888888888888889,0.7333333333333334,439,UMCSENT
0.6444444444444445,0.4888888888888889,0.6444444444444445,0.6,440,UMCSENT
0.9333333333333333,0.7111111111111111,0.9333333333333333,0.8,441,UMCSENT
0.8,0.7333333333333334,0.7333333333333334,0.7333333333333334,442,UMCSENT
0.9333333333333333,0.6000000000000001,0.9333333333333333,0.7777777777777779,443,UMCSENT
0.688888888888889,0.7555555555555555,0.6666666666666667,0.7333333333333334,444,UMCSENT
0.9333333333333333,0.888888888888889,0.9333333333333333,0.8,445,UMCSENT
0.6888888888888889,0.6666666666666667,0.6666666666666667,0.7777777777777778,446,UMCSENT
0.888888888888889,0.6,0.9111111111111111,0.6666666666666666,447,UMCSENT
0.4222222222222223,0.4444444444444444,0.4222222222222223,0.7333333333333334,448,UMCSENT
0.9333333333333332,0.5555555555555556,0.9333333333333332,0.9333333333333332,449,UMCSENT
0.7777777777777777,0.8666666666666667,0.7777777777777777,0.6444444444444444,450,UMCSENT
0.9333333333333333,0.46666666666666673,0.9555555555555555,0.9777777777777777,451,UMCSENT
0.9555555555555556,0.6444444444444445,0.9333333333333333,0.888888888888889,452,UMCSENT
0.8666666666666667,0.6888888888888889,0.8444444444444446,0.7555555555555555,453,UMCSENT
0.9111111111111111,0.6444444444444445,0.8666666666666667,0.8222222222222222,454,UMCSENT
0.6666666666666667,0.7777777777777779,0.6444444444444445,0.8444444444444446,455,UMCSENT
0.9111111111111112,0.7777777777777778,0.9111111111111112,0.9111111111111112,456,UMCSENT
0.9111111111111111,0.6222222222222222,0.9111111111111111,0.8222222222222223,457,UMCSENT
0.7555555555555555,0.8,0.7555555555555555,0.7555555555555555,458,UMCSENT
1.0,0.5777777777777778,1.0,0.7333333333333334,459,UMCSENT
0.8222222222222223,0.7111111111111111,0.8222222222222223,0.6444444444444445,460,UMCSENT
0.8444444444444444,0.9000000000000001,0.8444444444444444,0.6666666666666666,461,UMCSENT
0.8222222222222222,0.8222222222222222,0.8,0.9111111111111112,462,UMCSENT
0.711111111111111,0.5777777777777778,0.711111111111111,0.6222222222222222,463,UMCSENT
0.9333333333333333,0.2666666666666667,0.9111111111111111,0.8,464,UMCSENT
0.8,0.4,0.8,0.7333333333333334,465,UMCSENT
0.9555555555555555,0.8,0.9555555555555555,0.8,466,UMCSENT
0.7333333333333334,0.48888888888888893,0.7333333333333334,0.8888888888888888,467,UMCSENT
0.8666666666666667,0.5111111111111111,0.8666666666666667,0.6444444444444445,468,UMCSENT
0.6888888888888889,0.5333333333333333,0.6888888888888889,0.6666666666666667,469,UMCSENT
0.9555555555555555,0.4777777777777778,0.9333333333333332,0.7555555555555555,470,UMCSENT
0.8444444444444444,0.4666666666666667,0.8666666666666667,0.7333333333333334,471,UMCSENT
0.9333333333333333,0.8222222222222223,0.9333333333333333,0.9111111111111111,472,UMCSENT
0.8888888888888888,0.6555555555555556,0.8888888888888888,0.8666666666666667,473,UMCSENT
0.8888888888888888,0.6666666666666667,0.8666666666666667,0.9555555555555556,474,UMCSENT
0.7111111111111111,0.48888888888888893,0.7111111111111111,0.7777777777777778,475,UMCSENT
0.9111111111111111,0.5555555555555556,0.9111111111111111,0.7555555555555555,476,UMCSENT
0.8666666666666667,0.4222222222222222,0.8666666666666667,0.8222222222222222,477,UMCSENT
0.9111111111111112,0.788888888888889,0.8666666666666667,0.9555555555555556,478,UMCSENT
0.9333333333333333,0.7111111111111111,0.9111111111111112,0.7555555555555556,479,UMCSENT
1.0,0.3555555555555556,0.9555555555555556,0.888888888888889,480,UMCSENT
0.9111111111111111,0.6111111111111112,0.9111111111111111,0.9555555555555555,481,UMCSENT
0.7777777777777778,0.3777777777777778,0.7555555555555555,0.8666666666666667,482,UMCSENT
0.7777777777777778,0.4222222222222222,0.7777777777777778,0.9333333333333332,483,UMCSENT
1.0,0.8,1.0,0.9555555555555556,484,UMCSENT
0.6000000000000001,0.8222222222222223,0.6,0.7111111111111111,485,UMCSENT
0.7777777777777778,0.5333333333333333,0.7777777777777778,1.0,486,UMCSENT
0.6444444444444445,0.7,0.6222222222222222,0.5111111111111111,487,UMCSENT
0.9777777777777777,0.7333333333333334,0.9777777777777777,0.9111111111111111,488,UMCSENT
0.888888888888889,0.5555555555555556,0.888888888888889,0.888888888888889,489,UMCSENT
0.9111111111111111,0.6444444444444444,0.9555555555555555,0.6666666666666667,490,UMCSENT
0.9111111111111112,0.7,0.9111111111111112,1.0,491,UMCSENT
0.7777777777777779,0.6888888888888889,0.8,0.7777777777777777,492,UMCSENT
0.9555555555555555,0.48888888888888893,0.9555555555555555,0.8222222222222223,493,UMCSENT
0.8222222222222222,0.5777777777777777,0.8222222222222222,0.8222222222222222,494,UMCSENT
0.7333333333333333,0.6000000000000001,0.6888888888888889,0.8222222222222223,495,UMCSENT
0.8,0.48888888888888893,0.7555555555555555,0.7333333333333334,496,UMCSENT
0.8444444444444444,0.8666666666666667,0.8444444444444444,1.0,497,UMCSENT
0.8666666666666667,0.6888888888888889,0.8666666666666667,0.8666666666666667,498,UMCSENT
0.7555555555555555,0.6888888888888889,0.7555555555555555,0.9333333333333333,499,UMCSENT
0.7555555555555556,0.6888888888888889,0.7333333333333334,0.9777777777777777,500,UMCSENT
0.6666666666666666,0.4,0.6666666666666666,0.7111111111111112,501,UMCSENT
0.7333333333333334,0.6666666666666667,0.7333333333333334,0.6666666666666666,502,UMCSENT
0.8666666666666667,0.6888888888888889,0.8666666666666667,0.6666666666666667,503,UMCSENT
0.9333333333333332,0.5222222222222223,0.9333333333333332,0.9333333333333333,504,UMCSENT
0.9555555555555556,0.8444444444444444,0.9555555555555556,0.7111111111111111,505,UMCSENT
0.9111111111111112,0.7777777777777778,0.9111111111111112,0.7777777777777778,506,UMCSENT
0.8888888888888888,0.6000000000000001,0.8888888888888888,0.5777777777777778,507,UMCSENT
0.9333333333333333,0.6777777777777778,0.9111111111111112,0.6666666666666666,508,UMCSENT
0.7333333333333334,0.5333333333333334,0.7333333333333334,1.0,509,UMCSENT
0.48888888888888893,0.6000000000000001,0.48888888888888893,0.8222222222222222,510,UMCSENT
0.6888888888888889,0.7444444444444445,0.6888888888888889,0.8444444444444446,511,UMCSENT
1.0,0.6888888888888889,1.0,0.9333333333333332,512,UMCSENT
0.8444444444444444,0.5666666666666667,0.8666666666666667,0.9555555555555556,513,UMCSENT
0.9555555555555555,0.5777777777777778,0.9555555555555555,0.7777777777777778,514,UMCSENT
0.8666666666666667,0.4222222222222223,0.8666666666666667,0.9111111111111112,515,UMCSENT
0.888888888888889,0.5111111111111112,0.8444444444444444,0.8444444444444444,516,UMCSENT
0.888888888888889,0.2,0.7777777777777779,0.7555555555555555,517,UMCSENT
0.8444444444444444,0.7555555555555556,0.8444444444444444,0.8222222222222223,518,UMCSENT
0.6888888888888889,0.5555555555555556,0.6888888888888889,0.7333333333333334,519,UMCSENT
0.7333333333333334,0.7444444444444445,0.7333333333333334,0.7777777777777778,520,UMCSENT
0.8666666666666667,0.5555555555555557,0.8444444444444446,0.8,521,UMCSENT
0.8666666666666667,0.8888888888888888,0.8666666666666667,0.8666666666666667,522,UMCSENT
0.9555555555555555,0.6555555555555556,0.9333333333333333,0.6888888888888889,523,UMCSENT
0.8444444444444444,0.3777777777777778,0.8,0.6444444444444445,524,UMCSENT
0.9111111111111112,0.5333333333333333,0.8666666666666667,0.5555555555555556,525,UMCSENT
0.8666666666666667,0.5555555555555556,0.8666666666666667,0.7333333333333334,526,UMCSENT
0.8,0.5777777777777778,0.8222222222222222,0.7777777777777778,527,UMCSENT
0.7777777777777778,0.6888888888888889,0.7777777777777778,1.0,528,UMCSENT
0.9777777777777777,0.4,0.9555555555555555,0.6888888888888889,529,UMCSENT
0.9555555555555556,0.6444444444444445,0.9555555555555556,0.8444444444444444,530,UMCSENT
0.9555555555555555,0.7111111111111111,0.9555555555555555,0.8,531,UMCSENT
0.9555555555555556,0.6888888888888889,0.9555555555555556,0.7111111111111111,532,UMCSENT
1.0,0.7333333333333334,1.0,0.5777777777777777,533,UMCSENT
0.888888888888889,0.6222222222222222,0.9111111111111111,0.8,534,UMCSENT
0.8666666666666667,0.7111111111111111,0.8444444444444444,0.7111111111111111,535,UMCSENT
0.8444444444444446,0.8666666666666667,0.8,0.7555555555555555,536,UMCSENT
0.6444444444444446,0.6666666666666667,0.6444444444444446,0.8,537,UMCSENT
0.7777777777777778,0.8,0.7555555555555556,0.888888888888889,538,UMCSENT
1.0,0.6666666666666667,0.9111111111111112,0.8,539,UMCSENT
0.3111111111111111,0.6111111111111112,0.3111111111111111,0.48888888888888893,540,UMCSENT
0.8666666666666667,0.7666666666666667,0.8,0.7555555555555555,541,UMCSENT
1.0,0.6,1.0,0.7333333333333334,542,UMCSENT
0.8666666666666667,0.8444444444444444,0.8666666666666667,0.8,543,UMCSENT
0.888888888888889,0.6444444444444445,0.8444444444444444,0.5111111111111111,544,UMCSENT
0.9555555555555556,0.5555555555555556,0.9555555555555556,0.4666666666666667,545,UMCSENT
0.9111111111111112,0.6666666666666667,0.8888888888888888,0.5555555555555556,546,UMCSENT
0.9777777777777777,0.5888888888888889,0.9777777777777777,0.8222222222222223,547,UMCSENT
0.7333333333333334,0.6666666666666667,0.688888888888889,0.9111111111111111,548,UMCSENT
0.9111111111111112,0.5333333333333334,0.9111111111111111,0.7555555555555556,549,UMCSENT
0.8222222222222222,0.6888888888888889,0.8222222222222222,0.6444444444444445,550,UMCSENT
0.8,0.4,0.8222222222222223,0.8444444444444444,551,UMCSENT
0.8,0.7111111111111111,0.7777777777777778,0.7777777777777777,552,UMCSENT
0.7555555555555555,0.11111111111111113,0.6888888888888889,0.8222222222222223,553,UMCSENT
0.9111111111111111,0.6888888888888889,0.9111111111111111,0.8222222222222223,554,UMCSENT
0.8,0.8444444444444444,0.8,0.6666666666666667,555,UMCSENT
0.888888888888889,0.6000000000000001,0.888888888888889,0.7555555555555555,556,UMCSENT
0.9555555555555556,0.688888888888889,0.9555555555555556,0.8222222222222222,557,UMCSENT
1.0,0.4666666666666667,1.0,0.6888888888888889,558,UMCSENT
0.9555555555555556,0.6222222222222223,0.9111111111111112,0.6888888888888889,559,UMCSENT
0.8444444444444444,0.5777777777777777,0.8222222222222222,0.6222222222222221,560,UMCSENT
0.8666666666666667,0.6,0.8666666666666667,0.5777777777777778,561,UMCSENT
0.7555555555555556,0.8444444444444444,0.7111111111111111,0.8888888888888888,562,UMCSENT
0.7777777777777778,0.7777777777777778,0.7777777777777778,0.9333333333333333,563,UMCSENT
0.9555555555555556,1.0,0.9555555555555556,0.7555555555555556,564,UMCSENT
0.7555555555555555,0.5222222222222223,0.7555555555555555,0.8222222222222223,565,UMCSENT
0.8666666666666667,0.7222222222222222,0.8666666666666667,0.7555555555555556,566,UMCSENT
0.9333333333333333,0.43333333333333335,0.9333333333333333,0.9333333333333333,567,UMCSENT
0.9333333333333333,0.5888888888888889,0.9333333333333333,0.688888888888889,568,UMCSENT
1.0,0.8,0.9333333333333333,0.8888888888888888,569,UMCSENT
0.8222222222222222,0.5666666666666667,0.8222222222222222,0.5777777777777777,570,UMCSENT
0.5777777777777778,0.7666666666666667,0.5777777777777778,0.7777777777777778,571,UMCSENT
0.8444444444444444,0.8666666666666667,0.8444444444444444,0.6444444444444445,572,UMCSENT
0.9555555555555555,0.7000000000000001,0.9111111111111111,0.6888888888888889,573,UMCSENT
0.9555555555555556,0.7555555555555555,0.9333333333333333,0.9111111111111111,574,UMCSENT
0.9111111111111111,0.4666666666666667,0.888888888888889,0.5555555555555555,575,UMCSENT
1.0,0.7777777777777779,1.0,0.6444444444444445,576,UMCSENT
0.9111111111111111,0.48888888888888893,0.9111111111111111,0.9111111111111111,577,UMCSENT
0.9555555555555556,0.6222222222222222,0.9555555555555556,0.8444444444444444,578,UMCSENT
0.9333333333333333,0.6000000000000001,0.9111111111111112,0.5333333333333333,579,UMCSENT
0.7777777777777778,0.4777777777777778,0.7555555555555556,0.9333333333333333,580,UMCSENT
0.6222222222222222,0.8222222222222223,0.6444444444444445,0.5555555555555556,581,UMCSENT
0.9111111111111112,0.46666666666666673,0.8666666666666667,0.8,582,UMCSENT
0.7333333333333334,0.5111111111111112,0.7333333333333334,0.7555555555555555,583,UMCSENT
0.7777777777777778,0.5,0.7333333333333334,0.7555555555555556,584,UMCSENT
0.8666666666666667,0.6000000000000001,0.8666666666666667,0.8444444444444444,585,UMCSENT
0.7777777777777778,0.4,0.7333333333333334,0.9333333333333332,586,UMCSENT
0.8666666666666667,0.7666666666666667,0.8444444444444444,0.7555555555555555,587,UMCSENT
0.9111111111111112,0.7666666666666667,0.888888888888889,0.7555555555555555,588,UMCSENT
0.9555555555555556,0.6000000000000001,0.9555555555555556,0.9111111111111112,589,UMCSENT
0.7555555555555555,0.8,0.7333333333333334,0.9333333333333333,590,UMCSENT
0.8666666666666667,0.8333333333333334,0.8666666666666667,0.888888888888889,591,UMCSENT
0.8888888888888888,0.34444444444444444,0.8666666666666667,0.8222222222222222,592,UMCSENT
0.8444444444444446,0.6444444444444444,0.8444444444444446,0.8666666666666667,593,UMCSENT
0.8666666666666667,0.6888888888888889,0.8666666666666667,0.7777777777777779,594,UMCSENT
0.8444444444444446,0.9555555555555556,0.8666666666666667,0.9777777777777777,595,UMCSENT
0.7555555555555555,0.6666666666666667,0.7111111111111111,0.5777777777777778,596,UMCSENT
0.8666666666666667,0.8777777777777779,0.8666666666666667,0.6666666666666667,597,UMCSENT
0.8888888888888888,0.8111111111111111,0.8888888888888888,1.0,598,UMCSENT
0.9333333333333333,0.7777777777777778,0.9111111111111112,0.8222222222222223,599,UMCSENT
0.7777777777777779,0.7333333333333334,0.7777777777777778,0.888888888888889,600,UMCSENT
0.8222222222222222,0.5666666666666667,0.8222222222222222,0.8222222222222222,601,UMCSENT
0.888888888888889,0.3333333333333333,0.8666666666666667,0.7333333333333334,602,UMCSENT
0.9111111111111111,0.5444444444444445,0.9111111111111111,0.7333333333333334,603,UMCSENT
0.8666666666666667,0.7777777777777778,0.8444444444444446,0.6444444444444445,604,UMCSENT
0.7111111111111111,0.5555555555555556,0.7111111111111111,0.7333333333333334,605,UMCSENT
0.9333333333333332,0.6000000000000001,0.9333333333333332,0.6444444444444444,606,UMCSENT
0.7777777777777778,0.6333333333333334,0.8,0.7555555555555556,607,UMCSENT
0.9111111111111112,0.8,0.9111111111111112,0.7333333333333334,608,UMCSENT
1.0,0.7777777777777778,1.0,0.7777777777777778,609,UMCSENT
0.9111111111111111,0.5555555555555556,0.888888888888889,0.8222222222222223,610,UMCSENT
0.8222222222222222,0.6888888888888889,0.8222222222222222,0.8,611,UMCSENT
0.9333333333333333,0.7222222222222223,0.9555555555555556,0.7333333333333334,612,UMCSENT
0.9111111111111112,0.4666666666666667,0.8666666666666667,0.8,613,UMCSENT
0.888888888888889,0.6666666666666667,0.888888888888889,0.7111111111111111,614,UMCSENT
0.8666666666666667,0.8,0.8444444444444446,0.688888888888889,615,UMCSENT
0.6444444444444445,0.5333333333333333,0.6444444444444445,0.5111111111111112,616,UMCSENT
0.8666666666666667,0.6666666666666667,0.8888888888888888,0.7777777777777779,617,UMCSENT
0.9555555555555556,0.6555555555555556,0.9555555555555556,0.7555555555555556,618,UMCSENT
0.8222222222222223,0.8222222222222222,0.8,0.8222222222222223,619,UMCSENT
0.8666666666666667,0.7777777777777778,0.8444444444444446,0.7555555555555555,620,UMCSENT
0.8888888888888888,0.7555555555555555,0.8666666666666667,0.8888888888888888,621,UMCSENT
0.9111111111111112,0.7666666666666666,0.7555555555555555,0.8,622,UMCSENT
0.9555555555555556,0.8,0.9555555555555556,0.7555555555555555,623,UMCSENT
0.8444444444444446,0.6333333333333333,0.8444444444444446,0.8444444444444444,624,UMCSENT
0.7333333333333334,0.6888888888888889,0.7333333333333334,0.8444444444444446,625,UMCSENT
0.6444444444444444,0.5111111111111111,0.6444444444444444,0.8666666666666667,626,UMCSENT
0.8888888888888888,0.5777777777777777,0.8666666666666667,0.7555555555555555,627,UMCSENT
0.6,0.6000000000000001,0.5777777777777777,0.6666666666666667,628,UMCSENT
0.7555555555555555,0.6666666666666666,0.7777777777777778,0.7777777777777779,629,UMCSENT
0.7555555555555556,0.5888888888888889,0.7333333333333334,0.7777777777777778,630,UMCSENT
1.0,0.8444444444444444,1.0,1.0,631,UMCSENT
0.7555555555555555,0.7333333333333334,0.7555555555555555,0.6,632,UMCSENT
0.8666666666666667,0.4777777777777778,0.8222222222222222,0.7333333333333333,633,UMCSENT
0.4888888888888889,0.5555555555555556,0.5111111111111111,0.4444444444444445,634,UMCSENT
0.7111111111111111,0.5333333333333334,0.7111111111111111,0.8444444444444444,635,UMCSENT
0.8666666666666667,0.7333333333333334,0.8444444444444446,0.8222222222222222,636,UMCSENT
0.8222222222222222,0.5333333333333333,0.8222222222222222,0.8444444444444446,637,UMCSENT
0.9111111111111111,0.6333333333333333,0.9111111111111111,0.7111111111111111,638,UMCSENT
0.8888888888888888,0.5333333333333333,0.8888888888888888,0.8222222222222222,639,UMCSENT
0.6666666666666667,0.22222222222222227,0.6666666666666667,0.9777777777777777,640,UMCSENT
0.5777777777777777,0.5222222222222223,0.5333333333333333,0.8444444444444444,641,UMCSENT
0.7777777777777779,0.7333333333333334,0.8,0.6000000000000001,642,UMCSENT
0.7333333333333334,0.5555555555555557,0.7333333333333334,0.888888888888889,643,UMCSENT
0.8666666666666667,0.46666666666666673,0.8666666666666667,0.8222222222222223,644,UMCSENT
0.9111111111111112,0.7111111111111111,0.9111111111111112,0.5777777777777777,645,UMCSENT
0.8222222222222222,0.6888888888888889,0.8222222222222222,0.688888888888889,646,UMCSENT
0.8222222222222223,0.6666666666666667,0.8222222222222223,0.8222222222222223,647,UMCSENT
0.8,0.7555555555555556,0.8,0.8444444444444446,648,UMCSENT
0.9555555555555556,0.5777777777777778,0.9555555555555556,0.6666666666666666,649,UMCSENT
0.8444444444444446,0.7777777777777778,0.8444444444444446,0.6666666666666666,650,UMCSENT
0.6666666666666666,0.5333333333333334,0.6,0.9555555555555556,651,UMCSENT
0.8666666666666667,0.6666666666666667,0.8666666666666667,0.7555555555555555,652,UMCSENT
0.7333333333333333,0.5777777777777777,0.7333333333333333,0.8666666666666667,653,UMCSENT
0.8,0.6777777777777778,0.8,0.7777777777777778,654,UMCSENT
0.9555555555555555,0.7333333333333334,0.9555555555555556,0.8,655,UMCSENT
0.7777777777777777,0.6666666666666667,0.7777777777777777,0.888888888888889,656,UMCSENT
0.9111111111111111,0.7333333333333334,0.9111111111111111,0.6222222222222222,657,UMCSENT
0.688888888888889,0.5444444444444445,0.688888888888889,0.888888888888889,658,UMCSENT
0.8444444444444446,0.5333333333333333,0.8444444444444446,0.7333333333333334,659,UMCSENT
0.9111111111111111,0.6666666666666667,0.9111111111111111,0.5555555555555556,660,UMCSENT
0.8444444444444444,0.48888888888888893,0.8222222222222223,0.5555555555555556,661,UMCSENT
0.7777777777777777,0.4222222222222222,0.7555555555555555,0.6222222222222222,662,UMCSENT
0.8444444444444446,0.6222222222222222,0.8666666666666667,0.8222222222222223,663,UMCSENT
0.9111111111111111,0.6222222222222223,0.9111111111111111,0.8222222222222223,664,UMCSENT
0.6666666666666667,0.7777777777777779,0.6666666666666667,0.8222222222222223,665,UMCSENT
0.7777777777777778,0.7111111111111112,0.7777777777777778,0.7777777777777778,666,UMCSENT
0.9333333333333333,0.8222222222222223,0.9333333333333333,0.8222222222222223,667,UMCSENT
0.8222222222222223,0.4888888888888889,0.8222222222222223,0.888888888888889,668,UMCSENT
0.8444444444444446,0.7000000000000001,0.8444444444444446,0.5111111111111111,669,UMCSENT
0.7555555555555555,0.46666666666666673,0.7555555555555555,0.888888888888889,670,UMCSENT
0.7555555555555555,0.788888888888889,0.7333333333333334,0.888888888888889,671,UMCSENT
0.6000000000000001,0.9111111111111111,0.5555555555555556,0.7555555555555555,672,UMCSENT
0.7777777777777778,0.6000000000000001,0.7555555555555555,0.6888888888888889,673,UMCSENT
0.8666666666666667,0.30000000000000004,0.8666666666666667,0.9111111111111112,674,UMCSENT
0.7777777777777778,0.6444444444444445,0.8,0.8,675,UMCSENT
0.8444444444444446,0.5777777777777778,0.8444444444444446,0.6888888888888889,676,UMCSENT
0.9111111111111111,0.6888888888888889,0.9111111111111111,0.6222222222222222,677,UMCSENT
1.0,0.8888888888888888,1.0,0.7777777777777778,678,UMCSENT
0.8,0.6888888888888889,0.8,0.8888888888888888,679,UMCSENT
0.5111111111111112,0.6333333333333333,0.5111111111111112,0.9111111111111111,680,UMCSENT
0.8444444444444444,0.5555555555555557,0.8222222222222223,0.7111111111111111,681,UMCSENT
0.7777777777777778,0.688888888888889,0.7777777777777778,0.8222222222222223,682,UMCSENT
0.8666666666666667,0.5,0.8888888888888888,0.9555555555555555,683,UMCSENT
0.7333333333333334,0.6444444444444445,0.7333333333333334,0.8666666666666667,684,UMCSENT
0.7111111111111111,0.6444444444444445,0.6888888888888889,0.6,685,UMCSENT
0.6666666666666667,0.6333333333333334,0.6666666666666667,0.8222222222222223,686,UMCSENT
0.9555555555555555,0.7777777777777779,0.9111111111111111,0.5777777777777777,687,UMCSENT
0.9777777777777777,0.5111111111111111,0.9777777777777777,0.8444444444444444,688,UMCSENT
0.8666666666666667,0.5222222222222223,0.8222222222222223,0.46666666666666673,689,UMCSENT
0.8888888888888888,0.6777777777777778,0.8888888888888888,0.9333333333333333,690,UMCSENT
0.8,0.8444444444444444,0.711111111111111,0.6,691,UMCSENT
0.9555555555555555,0.5333333333333333,0.9555555555555555,0.6444444444444445,692,UMCSENT
0.9555555555555555,0.8333333333333334,0.8666666666666667,0.7555555555555556,693,UMCSENT
0.6666666666666666,0.8444444444444446,0.6666666666666666,0.8444444444444444,694,UMCSENT
0.9111111111111111,0.5333333333333333,0.8666666666666667,0.4444444444444445,695,UMCSENT
0.9111111111111112,0.6666666666666667,0.8888888888888888,0.46666666666666673,696,UMCSENT
0.9333333333333333,0.8222222222222222,0.9333333333333333,0.7333333333333334,697,UMCSENT
0.8888888888888888,0.8777777777777778,0.8444444444444444,0.8,698,UMCSENT
0.9333333333333333,0.7,0.9333333333333333,0.8666666666666667,699,UMCSENT
0.7555555555555555,0.6333333333333333,0.7555555555555555,0.4666666666666667,700,UMCSENT
0.8222222222222223,0.7222222222222223,0.8222222222222223,0.7111111111111112,701,UMCSENT
0.9333333333333333,0.7333333333333334,0.9333333333333333,0.7333333333333334,702,UMCSENT
0.8666666666666667,0.7111111111111111,0.8222222222222222,0.4222222222222223,703,UMCSENT
0.9333333333333333,0.6444444444444445,0.9333333333333333,0.8,704,UMCSENT
0.5333333333333334,0.688888888888889,0.5111111111111112,0.8222222222222223,705,UMCSENT
0.8444444444444446,0.4333333333333334,0.8444444444444446,0.8222222222222222,706,UMCSENT
1.0,0.6000000000000001,1.0,0.9111111111111111,707,UMCSENT
0.5333333333333333,0.6555555555555556,0.48888888888888893,0.5333333333333334,708,UMCSENT
0.7777777777777778,0.3555555555555556,0.7555555555555555,0.7555555555555555,709,UMCSENT
0.9333333333333332,0.5111111111111111,0.9111111111111111,0.6444444444444444,710,UMCSENT
0.8888888888888888,0.5777777777777778,0.9111111111111111,0.6888888888888889,711,UMCSENT
0.6888888888888889,0.2777777777777778,0.6888888888888889,0.6666666666666666,712,UMCSENT
0.9555555555555555,0.7555555555555556,0.9111111111111112,0.7555555555555555,713,UMCSENT
0.8,0.6000000000000001,0.8,0.7333333333333334,714,UMCSENT
0.7111111111111111,0.5333333333333334,0.7111111111111111,0.8,715,UMCSENT
0.7777777777777777,0.5777777777777778,0.7777777777777777,0.5555555555555556,716,UMCSENT
0.9111111111111112,0.8,0.888888888888889,0.8444444444444446,717,UMCSENT
0.9555555555555555,0.6444444444444445,0.9333333333333333,0.8,718,UMCSENT
0.688888888888889,0.7111111111111112,0.688888888888889,0.8,719,UMCSENT
0.8444444444444446,0.44444444444444453,0.8,0.9111111111111112,720,UMCSENT
0.7333333333333333,0.3111111111111111,0.6666666666666666,0.8888888888888888,721,UMCSENT
0.9555555555555555,0.5555555555555556,0.9555555555555555,0.7333333333333334,722,UMCSENT
0.8666666666666667,0.6444444444444446,0.8666666666666667,0.8444444444444446,723,UMCSENT
0.8,0.8,0.7777777777777778,0.7333333333333334,724,UMCSENT
0.9111111111111111,0.5777777777777777,0.888888888888889,0.9777777777777777,725,UMCSENT
0.7555555555555556,0.6222222222222222,0.6888888888888889,0.6666666666666666,726,UMCSENT
0.7111111111111111,0.8222222222222222,0.7333333333333334,0.6888888888888889,727,UMCSENT
0.9333333333333333,0.7777777777777779,0.9333333333333333,0.8444444444444444,728,UMCSENT
1.0,0.6666666666666666,0.9777777777777777,0.8444444444444446,729,UMCSENT
0.8444444444444444,0.3555555555555556,0.8,0.888888888888889,730,UMCSENT
0.8,0.6666666666666667,0.8,0.9111111111111111,731,UMCSENT
0.8666666666666667,0.7555555555555556,0.8444444444444444,0.8,732,UMCSENT
0.7111111111111111,0.6333333333333334,0.7111111111111111,0.8444444444444446,733,UMCSENT
0.888888888888889,0.8,0.888888888888889,0.8666666666666667,734,UMCSENT
0.9333333333333333,0.9333333333333333,0.9333333333333333,0.8444444444444444,735,UMCSENT
0.6666666666666667,0.6888888888888889,0.6666666666666667,0.7333333333333333,736,UMCSENT
0.7333333333333333,0.7777777777777779,0.711111111111111,0.9555555555555555,737,UMCSENT
0.9333333333333333,0.6555555555555556,0.9333333333333333,0.7555555555555555,738,UMCSENT
0.8666666666666667,0.6444444444444445,0.8666666666666667,0.7333333333333334,739,UMCSENT
0.8666666666666667,0.7333333333333334,0.8666666666666667,0.7555555555555555,740,UMCSENT
0.8888888888888888,0.5777777777777778,0.8888888888888888,0.9333333333333333,741,UMCSENT
0.8,0.43333333333333335,0.8,0.8444444444444444,742,UMCSENT
0.7555555555555555,0.6444444444444445,0.7555555555555555,0.9111111111111111,743,UMCSENT
0.8444444444444446,0.9111111111111111,0.8444444444444446,1.0,744,UMCSENT
0.8222222222222223,0.5222222222222221,0.8,0.9111111111111112,745,UMCSENT
0.8,0.8222222222222223,0.7777777777777778,0.7555555555555556,746,UMCSENT
0.9555555555555555,0.5555555555555556,0.9333333333333333,0.7777777777777779,747,UMCSENT
0.8666666666666667,0.7222222222222223,0.8444444444444446,0.6666666666666667,748,UMCSENT
0.6888888888888889,0.5777777777777778,0.6666666666666666,0.4444444444444444,749,UMCSENT
0.888888888888889,0.6222222222222223,0.888888888888889,0.9111111111111112,750,UMCSENT
0.8666666666666667,0.4777777777777778,0.8666666666666667,0.8444444444444446,751,UMCSENT
0.8444444444444444,0.6000000000000001,0.8222222222222222,0.7777777777777779,752,UMCSENT
0.8666666666666667,0.688888888888889,0.8666666666666667,0.8222222222222222,753,UMCSENT
0.8444444444444444,0.6000000000000001,0.8444444444444444,0.8444444444444444,754,UMCSENT
0.9333333333333333,0.6777777777777778,0.9111111111111112,0.9333333333333333,755,UMCSENT
0.9555555555555556,0.7333333333333334,0.9555555555555556,0.5555555555555556,756,UMCSENT
0.888888888888889,0.48888888888888893,0.888888888888889,0.7333333333333334,757,UMCSENT
0.8444444444444446,0.5333333333333333,0.8444444444444446,0.8888888888888888,758,UMCSENT
0.7333333333333333,0.888888888888889,0.6888888888888889,0.9111111111111112,759,UMCSENT
0.9333333333333333,0.7333333333333334,0.9111111111111112,0.5777777777777777,760,UMCSENT
0.7555555555555556,0.6222222222222222,0.7777777777777779,0.9333333333333333,761,UMCSENT
0.8888888888888888,0.4666666666666667,0.9333333333333333,1.0,762,UMCSENT
0.8666666666666667,0.3888888888888889,0.8444444444444444,0.6444444444444445,763,UMCSENT
0.8666666666666667,0.46666666666666673,0.8666666666666667,0.8,764,UMCSENT
0.8666666666666667,0.6111111111111112,0.8666666666666667,0.8666666666666667,765,UMCSENT
0.8,0.7111111111111111,0.7777777777777778,0.888888888888889,766,UMCSENT
0.9333333333333333,0.688888888888889,0.9333333333333333,0.9111111111111111,767,UMCSENT
0.9111111111111111,0.5,0.888888888888889,0.8444444444444446,768,UMCSENT
0.9111111111111111,0.4555555555555556,0.9111111111111111,0.8444444444444446,769,UMCSENT
0.8444444444444446,0.7333333333333333,0.7555555555555556,0.8444444444444446,770,UMCSENT
1.0,0.6111111111111112,1.0,0.7555555555555555,771,UMCSENT
0.9111111111111111,0.5333333333333333,0.9333333333333333,0.888888888888889,772,UMCSENT
0.7777777777777778,0.6111111111111112,0.7555555555555555,0.7555555555555555,773,UMCSENT
0.9111111111111111,0.7555555555555555,0.888888888888889,0.888888888888889,774,UMCSENT
0.9333333333333333,0.7333333333333334,0.9111111111111112,0.6666666666666666,775,UMCSENT
0.7777777777777779,0.5444444444444445,0.8,0.7555555555555555,776,UMCSENT
0.7555555555555555,0.5111111111111111,0.7555555555555555,0.6888888888888889,777,UMCSENT
0.46666666666666673,0.7333333333333334,0.4,0.4,778,UMCSENT
0.6444444444444444,0.6444444444444445,0.6222222222222222,0.5777777777777778,779,UMCSENT
0.8666666666666667,0.6666666666666667,0.8666666666666667,0.9555555555555556,780,UMCSENT
0.9555555555555556,0.8555555555555555,0.9555555555555556,0.8222222222222222,781,UMCSENT
0.8666666666666667,0.6222222222222222,0.8,0.7777777777777778,782,UMCSENT
0.7111111111111111,0.33333333333333337,0.7111111111111111,0.9111111111111111,783,UMCSENT
0.9777777777777777,0.6666666666666666,0.9777777777777777,0.7333333333333334,784,UMCSENT
0.8222222222222222,0.8222222222222222,0.8222222222222222,0.7555555555555556,785,UMCSENT
0.8666666666666667,0.7111111111111111,0.8444444444444446,0.7777777777777778,786,UMCSENT
0.7777777777777778,0.9,0.7777777777777778,0.4222222222222223,787,UMCSENT
0.888888888888889,0.9111111111111111,0.9111111111111112,0.6888888888888889,788,UMCSENT
0.8,0.6666666666666666,0.8,0.8,789,UMCSENT
0.9555555555555556,0.6,0.9555555555555556,0.7777777777777778,790,UMCSENT
0.6888888888888889,0.5555555555555556,0.6888888888888889,0.9777777777777777,791,UMCSENT
0.9333333333333333,0.6222222222222222,0.9111111111111111,0.8444444444444444,792,UMCSENT
0.9333333333333333,0.688888888888889,0.9333333333333333,0.9555555555555556,793,UMCSENT
0.8444444444444444,0.7777777777777779,0.8444444444444444,0.9555555555555555,794,UMCSENT
0.8888888888888888,0.6888888888888889,0.8666666666666667,0.6,795,UMCSENT
0.9555555555555556,0.5111111111111111,0.9333333333333333,0.8222222222222223,796,UMCSENT
0.9111111111111112,0.5333333333333333,0.9111111111111112,0.8222222222222223,797,UMCSENT
0.8,0.35555555555555557,0.8,0.888888888888889,798,UMCSENT
0.9111111111111111,0.4222222222222223,0.8666666666666667,0.888888888888889,799,UMCSENT
0.8444444444444444,0.6,0.8444444444444444,0.6222222222222222,800,UMCSENT
0.6222222222222222,0.5444444444444444,0.6222222222222222,0.8888888888888888,801,UMCSENT
0.6666666666666667,0.5888888888888889,0.6666666666666667,0.9111111111111111,802,UMCSENT
0.8222222222222222,0.4222222222222222,0.8,0.8222222222222222,803,UMCSENT
0.9111111111111112,0.7444444444444444,0.9111111111111112,0.7555555555555555,804,UMCSENT
0.7777777777777778,0.5333333333333333,0.7333333333333334,0.7333333333333334,805,UMCSENT
0.6444444444444446,0.7555555555555556,0.6444444444444446,0.8,806,UMCSENT
0.7333333333333334,0.8666666666666667,0.7333333333333334,0.6444444444444445,807,UMCSENT
0.7333333333333334,0.6111111111111112,0.7333333333333334,0.9777777777777777,808,UMCSENT
0.9111111111111111,0.5333333333333334,0.9111111111111111,0.8222222222222223,809,UMCSENT
0.8666666666666667,0.6444444444444445,0.8666666666666667,0.7111111111111111,810,UMCSENT
0.7111111111111111,0.6666666666666667,0.7333333333333334,0.9111111111111112,811,UMCSENT
0.8444444444444446,0.5777777777777778,0.8444444444444446,0.8,812,UMCSENT
0.7777777777777778,0.8222222222222223,0.8,0.6666666666666667,813,UMCSENT
0.7555555555555556,0.6444444444444445,0.7555555555555556,0.7777777777777778,814,UMCSENT
0.9333333333333332,0.7444444444444445,0.9111111111111111,0.8666666666666667,815,UMCSENT
0.888888888888889,0.48888888888888893,0.888888888888889,0.9777777777777777,816,UMCSENT
0.9111111111111112,0.5111111111111111,0.9111111111111112,0.8,817,UMCSENT
0.9777777777777777,0.5888888888888889,0.9777777777777777,0.8,818,UMCSENT
0.7333333333333334,0.3777777777777778,0.7333333333333334,0.7777777777777777,819,UMCSENT
0.6444444444444445,0.47777777777777786,0.6444444444444445,0.7111111111111111,820,UMCSENT
0.9555555555555556,0.5777777777777778,0.9111111111111112,0.8666666666666667,821,UMCSENT
0.8222222222222222,0.37777777777777777,0.8444444444444444,0.6000000000000001,822,UMCSENT
0.9555555555555555,0.6333333333333333,0.9555555555555555,0.888888888888889,823,UMCSENT
0.7333333333333334,0.7333333333333334,0.7111111111111111,0.7333333333333334,824,UMCSENT
0.8666666666666667,0.8444444444444444,0.8222222222222222,0.8444444444444444,825,UMCSENT
0.7777777777777777,0.888888888888889,0.7111111111111111,0.9111111111111112,826,UMCSENT
0.8444444444444444,0.48888888888888893,0.8,0.7111111111111111,827,UMCSENT
0.6222222222222223,0.6,0.6444444444444445,0.5111111111111112,828,UMCSENT
0.9333333333333333,0.7777777777777779,0.9333333333333333,0.9111111111111112,829,UMCSENT
1.0,0.7777777777777779,1.0,0.8,830,UMCSENT
0.7777777777777778,0.48888888888888893,0.7777777777777778,0.888888888888889,831,UMCSENT
0.7777777777777779,0.5777777777777778,0.7777777777777779,0.5555555555555556,832,UMCSENT
0.7777777777777778,0.6666666666666667,0.7777777777777778,0.688888888888889,833,UMCSENT
0.8666666666666667,0.5333333333333333,0.8888888888888888,0.8,834,UMCSENT
0.8,0.6777777777777779,0.8,0.9333333333333333,835,UMCSENT
0.9333333333333333,0.7777777777777778,0.9333333333333333,0.9555555555555555,836,UMCSENT
0.8888888888888888,0.48888888888888893,0.8888888888888888,0.7555555555555556,837,UMCSENT
0.8444444444444446,0.6000000000000001,0.8222222222222223,0.6,838,UMCSENT
0.8222222222222222,0.5777777777777777,0.8666666666666667,0.8,839,UMCSENT
0.8888888888888888,0.6666666666666667,0.8666666666666667,0.9777777777777777,840,UMCSENT
0.8888888888888888,0.8222222222222222,0.8888888888888888,0.7111111111111111,841,UMCSENT
0.6888888888888889,0.7777777777777779,0.6666666666666667,0.6888888888888889,842,UMCSENT
0.9111111111111112,0.8666666666666667,0.8888888888888888,0.7555555555555555,843,UMCSENT
0.7555555555555555,0.6444444444444445,0.7555555555555555,0.8444444444444444,844,UMCSENT
0.9111111111111111,0.7555555555555555,0.9111111111111111,0.9555555555555556,845,UMCSENT
0.9777777777777777,0.7777777777777778,0.9777777777777777,0.7777777777777778,846,UMCSENT
0.8444444444444446,0.7444444444444446,0.8444444444444446,0.5777777777777777,847,UMCSENT
0.7555555555555555,0.5777777777777777,0.7333333333333334,0.9555555555555556,848,UMCSENT
0.8222222222222223,0.8666666666666667,0.8222222222222223,1.0,849,UMCSENT
0.688888888888889,0.5444444444444445,0.688888888888889,0.8444444444444444,850,UMCSENT
0.8444444444444444,0.48888888888888893,0.8222222222222223,0.8,851,UMCSENT
0.711111111111111,0.7777777777777779,0.6888888888888889,0.8222222222222223,852,UMCSENT
0.9555555555555555,0.7777777777777778,0.9555555555555555,0.8222222222222223,853,UMCSENT
0.8666666666666667,0.7111111111111111,0.8444444444444444,0.688888888888889,854,UMCSENT
0.5333333333333333,0.6444444444444445,0.5555555555555556,0.6444444444444445,855,UMCSENT
0.9777777777777777,0.6888888888888889,0.9777777777777777,0.888888888888889,856,UMCSENT
0.9777777777777777,0.5555555555555556,0.9777777777777777,0.8444444444444444,857,UMCSENT
0.8666666666666667,0.6000000000000001,0.8888888888888888,0.8,858,UMCSENT
0.7111111111111111,0.7666666666666666,0.6888888888888889,0.6888888888888889,859,UMCSENT
0.9111111111111112,0.7666666666666667,0.8888888888888888,0.8444444444444446,860,UMCSENT
0.8666666666666667,0.6111111111111112,0.8666666666666667,1.0,861,UMCSENT
0.8,0.7111111111111111,0.8,0.6666666666666666,862,UMCSENT
0.9333333333333333,0.6666666666666667,0.9111111111111112,0.7555555555555555,863,UMCSENT
0.9111111111111112,0.6111111111111112,0.9111111111111112,0.7333333333333334,864,UMCSENT
0.8666666666666667,0.6444444444444445,0.8444444444444444,0.8444444444444444,865,UMCSENT
0.8444444444444444,0.6222222222222223,0.8222222222222222,0.6666666666666667,866,UMCSENT
0.9555555555555555,0.6000000000000001,0.9555555555555555,0.8666666666666667,867,UMCSENT
0.8444444444444444,0.5111111111111111,0.8222222222222222,0.7777777777777778,868,UMCSENT
0.8222222222222222,0.888888888888889,0.8222222222222222,0.8,869,UMCSENT
0.7111111111111111,0.6888888888888889,0.7111111111111111,0.7333333333333333,870,UMCSENT
0.6666666666666667,0.7222222222222222,0.6666666666666667,0.6666666666666666,871,UMCSENT
0.8444444444444446,0.6222222222222222,0.8444444444444446,0.8666666666666667,872,UMCSENT
0.8666666666666667,0.7777777777777779,0.8666666666666667,0.8,873,UMCSENT
0.9111111111111112,0.2666666666666667,0.8222222222222222,0.8222222222222223,874,UMCSENT
0.9111111111111112,0.7777777777777779,0.8888888888888888,0.8444444444444446,875,UMCSENT
0.8222222222222223,0.6444444444444445,0.8222222222222223,0.5777777777777777,876,UMCSENT
0.8888888888888888,0.7555555555555556,0.8666666666666667,0.9333333333333333,877,UMCSENT
0.5555555555555556,0.5333333333333333,0.5333333333333333,0.5333333333333334,878,UMCSENT
0.8666666666666667,0.6666666666666667,0.8666666666666667,0.9111111111111112,879,UMCSENT
0.8,0.5777777777777778,0.8,0.8444444444444446,880,UMCSENT
0.9333333333333333,0.6000000000000001,0.9111111111111111,0.8666666666666667,881,UMCSENT
0.888888888888889,0.4,0.888888888888889,0.8222222222222222,882,UMCSENT
0.7333333333333334,0.5555555555555556,0.6888888888888889,0.5111111111111111,883,UMCSENT
0.8,0.6666666666666667,0.8,0.6444444444444444,884,UMCSENT
0.9555555555555556,0.8,0.9555555555555556,0.8222222222222223,885,UMCSENT
0.8222222222222223,0.6444444444444445,0.8,0.6666666666666666,886,UMCSENT
0.7333333333333334,0.5444444444444445,0.7333333333333334,0.9111111111111111,887,UMCSENT
0.688888888888889,0.7111111111111111,0.6666666666666667,0.7111111111111111,888,UMCSENT
0.688888888888889,0.4222222222222222,0.688888888888889,0.9333333333333333,889,UMCSENT
0.6000000000000001,0.7,0.6000000000000001,0.5555555555555556,890,UMCSENT
0.9111111111111111,0.7000000000000001,0.9111111111111111,0.7555555555555556,891,UMCSENT
0.9333333333333333,0.5777777777777778,0.9111111111111111,0.8,892,UMCSENT
0.7777777777777777,0.5333333333333333,0.7777777777777777,0.7555555555555555,893,UMCSENT
1.0,0.6666666666666666,1.0,0.8222222222222223,894,UMCSENT
0.7555555555555555,0.8,0.7555555555555555,0.9555555555555555,895,UMCSENT
0.9777777777777777,0.6222222222222222,0.9777777777777777,0.9333333333333332,896,UMCSENT
0.9111111111111112,0.7777777777777778,0.9111111111111112,0.8222222222222222,897,UMCSENT
0.9777777777777777,0.5777777777777777,0.9555555555555555,0.7555555555555555,898,UMCSENT
0.9777777777777777,0.8,0.9555555555555556,0.9111111111111111,899,UMCSENT
0.8,0.8666666666666667,0.8,0.8666666666666667,900,UMCSENT
0.7333333333333334,0.7333333333333333,0.7333333333333334,0.8,901,UMCSENT
0.8,0.8222222222222222,0.7777777777777778,0.8444444444444446,902,UMCSENT
0.9555555555555556,0.8,0.9555555555555556,0.8888888888888888,903,UMCSENT
0.6444444444444444,0.2888888888888889,0.6444444444444444,0.8222222222222222,904,UMCSENT
0.7777777777777777,0.5222222222222223,0.7777777777777777,0.711111111111111,905,UMCSENT
0.9111111111111112,0.6000000000000001,0.8888888888888888,0.9555555555555555,906,UMCSENT
0.9333333333333333,0.7111111111111111,0.9333333333333333,0.7111111111111111,907,UMCSENT
0.8444444444444446,0.5333333333333334,0.8444444444444446,0.6888888888888889,908,UMCSENT
0.6444444444444445,0.48888888888888893,0.6444444444444445,0.7777777777777778,909,UMCSENT
0.8888888888888888,0.5777777777777777,0.8666666666666667,0.7777777777777779,910,UMCSENT
0.9111111111111112,0.48888888888888893,0.8888888888888888,0.6888888888888889,911,UMCSENT
0.7777777777777778,0.7111111111111111,0.7777777777777778,0.9111111111111112,912,UMCSENT
0.8222222222222223,0.4222222222222223,0.8222222222222223,0.9111111111111111,913,UMCSENT
0.9777777777777777,0.9111111111111111,0.9555555555555556,0.9555555555555556,914,UMCSENT
0.7777777777777778,0.6222222222222222,0.7777777777777778,0.8222222222222223,915,UMCSENT
0.888888888888889,0.6222222222222222,0.888888888888889,0.8444444444444446,916,UMCSENT
0.6666666666666666,0.8444444444444446,0.6888888888888889,0.9111111111111112,917,UMCSENT
0.8,0.2888888888888889,0.7555555555555555,0.6444444444444445,918,UMCSENT
0.9111111111111111,0.6444444444444444,0.888888888888889,0.8888888888888888,919,UMCSENT
0.8444444444444444,0.3555555555555556,0.7333333333333334,0.9333333333333333,920,UMCSENT
0.8444444444444446,0.4555555555555556,0.8444444444444446,0.888888888888889,921,UMCSENT
1.0,0.6222222222222222,1.0,0.7555555555555555,922,UMCSENT
0.9111111111111112,0.9555555555555556,0.8888888888888888,0.8222222222222223,923,UMCSENT
0.8222222222222222,0.6000000000000001,0.7777777777777778,0.7333333333333333,924,UMCSENT
0.9111111111111111,0.5333333333333334,0.9111111111111111,1.0,925,UMCSENT
0.7333333333333334,0.5222222222222223,0.7333333333333334,0.6444444444444445,926,UMCSENT
0.711111111111111,0.8222222222222222,0.711111111111111,0.9333333333333333,927,UMCSENT
0.8,0.4444444444444445,0.6888888888888889,0.9333333333333333,928,UMCSENT
0.6888888888888889,0.5,0.6888888888888889,0.8,929,UMCSENT
0.6000000000000001,0.5555555555555556,0.5111111111111111,0.5333333333333334,930,UMCSENT
0.9111111111111112,0.9333333333333332,0.888888888888889,0.7555555555555555,931,UMCSENT
0.8888888888888888,0.4333333333333334,0.8888888888888888,0.9333333333333333,932,UMCSENT
0.8,0.9111111111111111,0.8,0.6666666666666666,933,UMCSENT
0.6222222222222222,0.4222222222222222,0.6000000000000001,0.7333333333333334,934,UMCSENT
0.8,0.3666666666666667,0.7333333333333334,0.9111111111111111,935,UMCSENT
0.6222222222222222,0.6666666666666667,0.6222222222222222,0.6000000000000001,936,UMCSENT
0.6888888888888889,0.7333333333333334,0.7111111111111111,0.8666666666666667,937,UMCSENT
1.0,0.8666666666666667,1.0,0.8444444444444446,938,UMCSENT
0.9555555555555556,0.5111111111111111,0.9333333333333333,0.7555555555555556,939,UMCSENT
0.8666666666666667,0.6222222222222222,0.8444444444444444,0.9555555555555556,940,UMCSENT
0.6666666666666667,0.688888888888889,0.6666666666666667,0.9777777777777777,941,UMCSENT
0.8666666666666667,0.48888888888888893,0.8666666666666667,0.9555555555555555,942,UMCSENT
0.4666666666666667,0.7111111111111111,0.4666666666666667,0.8222222222222223,943,UMCSENT
0.9555555555555555,0.6111111111111112,0.9333333333333333,0.6666666666666667,944,UMCSENT
0.9333333333333333,0.6444444444444445,0.9111111111111112,0.688888888888889,945,UMCSENT
0.8888888888888888,0.5777777777777778,0.8888888888888888,0.8222222222222222,946,UMCSENT
0.8444444444444446,0.45555555555555555,0.8,0.888888888888889,947,UMCSENT
0.9111111111111112,0.6888888888888889,0.9333333333333333,0.711111111111111,948,UMCSENT
0.8222222222222223,0.5333333333333333,0.8222222222222223,0.9111111111111111,949,UMCSENT
0.6888888888888889,0.6222222222222222,0.6666666666666667,0.9111111111111111,950,UMCSENT
0.9111111111111112,0.6222222222222222,0.9111111111111111,0.8444444444444446,951,UMCSENT
0.9111111111111112,0.7555555555555555,0.9111111111111112,0.8666666666666667,952,UMCSENT
0.9333333333333333,0.6444444444444445,0.9111111111111112,0.8888888888888888,953,UMCSENT
0.8222222222222222,0.5555555555555556,0.8222222222222222,0.8222222222222222,954,UMCSENT
0.7777777777777779,0.37777777777777777,0.7777777777777779,0.7333333333333334,955,UMCSENT
0.888888888888889,0.8,0.8666666666666667,0.688888888888889,956,UMCSENT
0.8888888888888888,0.5111111111111112,0.8888888888888888,0.9777777777777777,957,UMCSENT
0.7777777777777778,0.6444444444444446,0.7777777777777778,0.7333333333333334,958,UMCSENT
0.9555555555555556,0.33333333333333337,0.9333333333333333,0.888888888888889,959,UMCSENT
0.8666666666666667,0.5888888888888889,0.8666666666666667,0.8444444444444446,960,UMCSENT
0.8666666666666667,0.48888888888888893,0.8666666666666667,0.5333333333333333,961,UMCSENT
0.9333333333333333,0.5555555555555556,0.9111111111111112,0.6666666666666666,962,UMCSENT
0.9333333333333332,0.5555555555555556,0.9333333333333332,0.8,963,UMCSENT
0.8444444444444446,0.5777777777777778,0.8666666666666667,0.6666666666666667,964,UMCSENT
0.44444444444444453,0.5666666666666667,0.4222222222222223,0.8444444444444446,965,UMCSENT
0.8666666666666667,0.6,0.8666666666666667,0.8222222222222222,966,UMCSENT
0.8222222222222222,0.5,0.8,0.9111111111111111,967,UMCSENT
0.8444444444444446,0.6444444444444444,0.8444444444444446,0.7777777777777778,968,UMCSENT
0.8222222222222222,0.6444444444444445,0.8,0.7777777777777778,969,UMCSENT
0.8888888888888888,0.6444444444444445,0.8888888888888888,0.8222222222222222,970,UMCSENT
0.7111111111111111,0.6444444444444445,0.7111111111111111,0.6222222222222222,971,UMCSENT
0.8666666666666667,0.6555555555555557,0.8666666666666667,0.8222222222222222,972,UMCSENT
0.9555555555555556,0.8444444444444444,0.9333333333333333,0.9777777777777777,973,UMCSENT
0.8,0.6444444444444445,0.8,0.6444444444444445,974,UMCSENT
0.8444444444444446,0.5555555555555556,0.8444444444444446,0.7777777777777778,975,UMCSENT
0.9333333333333333,0.4777777777777778,0.9333333333333333,0.8222222222222223,976,UMCSENT
0.9111111111111112,0.3111111111111111,0.888888888888889,0.888888888888889,977,UMCSENT
0.8444444444444444,0.5111111111111111,0.8222222222222222,0.9111111111111111,978,UMCSENT
0.9333333333333333,0.4444444444444445,0.9333333333333333,0.8,979,UMCSENT
0.9333333333333333,0.8,0.9333333333333333,0.7333333333333334,980,UMCSENT
0.6444444444444445,0.588888888888889,0.6666666666666667,0.6222222222222222,981,UMCSENT
0.8222222222222222,0.6555555555555556,0.7777777777777778,0.8666666666666667,982,UMCSENT
0.7555555555555555,0.3777777777777778,0.7111111111111111,0.9555555555555556,983,UMCSENT
0.8222222222222223,0.33333333333333337,0.7777777777777778,0.9555555555555556,984,UMCSENT
0.6444444444444445,0.6888888888888889,0.6444444444444445,0.8444444444444444,985,UMCSENT
0.8666666666666667,0.5222222222222223,0.8222222222222223,0.7333333333333334,986,UMCSENT
0.8,0.5111111111111112,0.8222222222222223,0.7111111111111111,987,UMCSENT
0.9111111111111112,0.6444444444444445,0.9111111111111112,0.7777777777777778,988,UMCSENT
0.8222222222222222,0.4666666666666667,0.8222222222222222,0.7555555555555556,989,UMCSENT
0.7333333333333333,0.6777777777777778,0.7333333333333334,0.8888888888888888,990,UMCSENT
0.9111111111111112,0.48888888888888893,0.7777777777777778,0.7777777777777779,991,UMCSENT
0.9777777777777777,0.8666666666666667,0.9777777777777777,0.9555555555555556,992,UMCSENT
1.0,0.4222222222222222,0.9777777777777777,0.6666666666666666,993,UMCSENT
0.9111111111111112,0.5777777777777778,0.888888888888889,0.7777777777777778,994,UMCSENT
0.8666666666666667,0.7,0.8444444444444446,0.6444444444444445,995,UMCSENT
0.9555555555555556,0.9111111111111111,0.8888888888888888,0.9333333333333333,996,UMCSENT
0.9333333333333333,0.6222222222222223,0.9333333333333333,0.9333333333333333,997,UMCSENT
0.9333333333333332,0.6777777777777778,0.9333333333333332,0.8444444444444446,998,UMCSENT
0.7333333333333334,0.6888888888888889,0.7333333333333334,0.5777777777777778,999,UMCSENT
